220.736828_106.00523,220.73179_106.017773,0.02834008097165992,0.2940340909090909
220.773382_106.017608,220.763995_106.039551,0.05668016194331984,0.3039772727272727
220.739406_106.01143,220.765217_106.013374,0.09311740890688258,0.3494318181818182
220.770464_106.039787,220.77705_106.020137,0.06882591093117409,0.30823863636363635
220.717248_106.004629,220.720524_106.015633,0.03643724696356276,0.29687499999999994
220.749655_106.016189,220.756575_106.010253,0.03643724696356276,0.29687499999999994
220.726317_106.015862,220.758443_106.037131,0.14574898785425103,0.3352272727272727
220.74585_106.020094,220.773639_106.04091,0.08502024291497977,0.31392045454545453
220.758918_106.018853,220.785975_106.05749,0.13765182186234817,0.3323863636363636
220.765468_106.044807,220.740578_106.020977,0.09311740890688258,0.31676136363636365
220.773048_106.114725,220.777384_106.019121,0.38461538461538464,0.4190340909090909
220.748911_106.008218,220.714205_106.011641,0.13360323886639675,0.33096590909090906
220.758675_106.034283,220.737448_106.015941,0.07287449392712551,0.3352272727272727
220.75162_106.022991,220.766574_106.017357,0.05668016194331984,0.32386363636363635
220.75368_106.022344,220.777676_106.047751,0.10526315789473685,0.3948863636363636
220.647542_106.211734,220.6527_106.050775,0.4534412955465587,0.4431818181818181
220.725992_105.992497,220.734583_106.011818,0.06882591093117409,0.25142045454545453
220.709353_105.985134,220.759081_106.013916,0.19028340080971662,0.2940340909090909
220.763109_106.032325,220.778186_106.047409,0.06477732793522267,0.25
220.644729_106.218269,220.761822_106.021396,0.7246963562753036,0.48153409090909083
220.643935_106.209445,220.643931_106.209445,0.0,0.22727272727272727
220.751013_106.01119,220.726658_106.003998,0.08502024291497977,0.2571022727272727
220.709329_105.986315,220.773195_106.11433,0.5789473684210527,0.43039772727272724
220.752862_106.029883,220.764081_106.045862,0.06477732793522267,0.25
220.738918_106.008458,220.724134_106.005253,0.052631578947368425,0.24573863636363635
220.768772_106.039361,220.76534_106.023323,0.052631578947368425,0.24573863636363635
220.781711_106.020271,220.790889_106.023356,0.032388663967611336,0.2613636363636363
220.761056_106.024621,220.753875_106.020838,0.024291497975708502,0.23579545454545456
220.772991_106.053789,220.750252_106.005981,0.15384615384615385,0.28125
220.731084_106.007846,220.750451_106.024623,0.07287449392712551,0.25284090909090906
220.729051_106.009738,220.741028_106.004262,0.048582995951417005,0.2443181818181818
220.736672_106.010908,220.762699_106.014258,0.09311740890688258,0.2599431818181818
220.743052_106.022739,220.739823_106.014604,0.024291497975708502,0.2443181818181818
220.706736_105.987615,220.711761_106.048037,0.17408906882591094,0.2883522727272727
220.735458_106.020455,220.765339_106.028508,0.10526315789473685,0.26420454545454547
220.824428_106.04786,220.791962_106.031698,0.10526315789473685,0.26420454545454547
220.77048_106.134448,220.800848_106.041818,0.3360323886639677,0.34517045454545453
220.801944_106.065854,220.779056_106.047408,0.07692307692307693,0.2542613636363636
220.740451_106.010503,220.643683_106.216394,0.6761133603238866,0.46448863636363635
220.765664_106.031014,220.697605_106.004358,0.3117408906882591,0.33664772727272724
220.751305_106.059603,220.764384_106.035541,0.12550607287449395,0.359375
220.734449_105.997571,220.74022_106.013924,0.05668016194331984,0.3181818181818181
220.770138_106.039528,220.781749_106.044943,0.03643724696356276,0.3110795454545454
220.764349_106.019184,220.750719_106.008769,0.06882591093117409,0.32244318181818177
220.748904_105.99654,220.663365_106.003279,0.2834008097165992,0.3977272727272727
220.766493_106.020584,220.756863_106.001706,0.06072874493927126,0.3196022727272727
220.734316_106.01047,220.734478_106.016653,0.020242914979757085,0.30539772727272724
220.7595_106.02959,220.755365_106.025277,0.024291497975708502,0.3068181818181818
220.743564_106.017235,220.803059_106.045748,0.20242914979757085,0.36931818181818177
220.769185_106.136992,220.770281_106.012291,0.3522267206477733,0.42187499999999994
220.739729_106.008866,220.721733_105.998897,0.06072874493927126,0.3196022727272727
220.751134_105.997335,220.751134_105.997335,0.07287449392712551,0.3494318181818182
220.75459_106.023712,220.742812_105.942072,0.39271255060728744,0.4360795454545454
220.733161_105.99729,220.733161_105.99729,0.10526315789473685,0.3352272727272727
220.718685_106.011966,220.717862_105.994409,0.052631578947368425,0.31676136363636365
220.735312_106.008415,220.717483_106.041903,0.16599190283400808,0.3565340909090909
220.749046_106.024164,220.755998_106.028011,0.09311740890688258,0.33096590909090906
220.719047_106.009888,220.746528_106.006743,0.10121457489878542,0.3338068181818182
220.702469_105.987287,220.720961_106.139971,0.5425101214574899,0.4886363636363636
220.760859_106.032195,220.738316_105.995295,0.1417004048582996,0.3480113636363636
220.729776_105.991679,220.78434_106.045963,0.22672064777327935,0.37784090909090906
220.761099_106.030947,220.762424_106.011271,0.052631578947368425,0.31676136363636365
220.750189_105.997504,220.773862_106.044086,0.16599190283400808,0.3565340909090909
220.731588_106.01444,220.691515_106.015643,0.12955465587044535,0.34374999999999994
220.736913_106.011113,220.747071_106.010034,0.03643724696356276,0.32386363636363635
220.736845_106.021578,220.762655_106.018718,0.09716599190283401,0.3664772727272727
220.742399_105.994714,220.77047_106.039887,0.17004048582995954,0.3579545454545454
220.72059_106.009237,220.720599_106.00924,0.0,0.29829545454545453
220.725088_106.007605,220.719918_106.011469,0.020242914979757085,0.30539772727272724
220.77167_106.017683,220.758208_106.032325,0.05668016194331984,0.3380681818181818
220.75506_106.023313,220.657355_106.023695,0.4331983805668016,0.4502840909090909
220.781405_106.047805,220.734866_106.013926,0.15384615384615385,0.35227272727272724
220.753945_106.019589,220.691309_106.00826,0.2145748987854251,0.3735795454545454
220.742873_105.992143,220.778812_106.014719,0.11740890688259109,0.3806818181818182
220.776074_106.052818,220.720916_106.013329,0.2145748987854251,0.3735795454545454
220.760103_106.012211,220.779628_106.044345,0.11740890688259109,0.3806818181818182
220.756128_106.032249,220.737628_106.012254,0.07692307692307693,0.3252840909090909
220.733265_106.013078,220.745606_105.994327,0.06072874493927126,0.3196022727272727
220.729064_106.007696,220.782717_106.018575,0.19028340080971662,0.43181818181818177
220.771245_106.018043,220.786689_106.047079,0.10526315789473685,0.3721590909090909
220.73302_105.999832,220.737233_106.020931,0.06477732793522267,0.3210227272727273
220.734853_106.00953,220.714143_106.042123,0.14979757085020243,0.3508522727272727
220.765564_106.045869,220.749215_106.01513,0.13765182186234817,0.3323863636363636
220.763726_106.015019,220.768947_106.017721,0.016194331983805668,0.28977272727272724
220.773951_106.126906,220.663904_106.061054,0.5263157894736842,0.46874999999999994
180.0_180.0,180.0_180.0,0.05668016194331984,0.3039772727272727
220.740501_106.015125,220.716704_105.992169,0.08502024291497977,0.31392045454545453
220.755624_106.035148,220.781951_106.052542,0.08097165991902834,0.3409090909090909
220.76128_106.034495,220.779028_106.042076,0.05668016194331984,0.3039772727272727
220.737053_106.009771,220.694233_106.059561,0.20647773279352225,0.3849431818181818
220.755371_106.031793,220.773469_106.048167,0.06882591093117409,0.33664772727272724
180.0_180.0,180.0_180.0,0.12955465587044535,0.3579545454545454
220.783504_106.02198,220.736067_106.010478,0.17408906882591094,0.3735795454545454
220.746106_105.991901,220.729505_106.021651,0.08097165991902834,0.28409090909090906
220.74796_105.994853,220.721515_106.006305,0.10526315789473685,0.29261363636363635
220.645195_106.223258,220.717532_105.98974,0.8056680161943319,0.5383522727272727
220.742624_106.017448,220.741206_106.011145,0.016194331983805668,0.27556818181818177
220.77655_106.048803,220.758442_106.030002,0.07287449392712551,0.2954545454545454
220.744007_106.004238,220.7191_105.98957,0.10526315789473685,0.3068181818181818
220.702664_106.009409,220.716974_105.985816,0.08906882591093118,0.3011363636363636
220.750326_106.025131,220.772519_106.044405,0.08097165991902834,0.29829545454545453
220.759315_106.02858,220.72887_106.0049,0.10121457489878542,0.3196022727272727
220.734982_106.006854,220.741247_106.023846,0.06477732793522267,0.3068181818181818
220.73542_106.02047,220.749045_106.03019,0.04048582995951417,0.29829545454545453
220.792434_106.026212,220.779249_106.046316,0.07287449392712551,0.3607954545454545
220.721632_106.003626,220.722781_106.017144,0.04048582995951417,0.3125
220.679977_106.021867,220.693756_106.016621,0.04048582995951417,0.29829545454545453
220.724802_106.007708,220.754592_106.02861,0.09311740890688258,0.31676136363636365
220.724462_106.006875,220.736948_106.009775,0.04453441295546559,0.28551136363636365
220.841924_106.056892,220.808291_106.063129,0.17408906882591094,0.34517045454545453
220.721749_106.002779,220.721319_106.012457,0.032388663967611336,0.2954545454545454
220.758199_106.028865,220.771574_106.043349,0.05668016194331984,0.3039772727272727
220.738671_106.000106,220.74492_106.021384,0.06477732793522267,0.3068181818181818
220.749173_106.007126,220.739793_106.011259,0.03643724696356276,0.3096590909090909
220.734642_106.00126,220.726451_105.994388,0.04048582995951417,0.29829545454545453
220.751895_106.032798,220.765765_106.021881,0.06477732793522267,0.3068181818181818
220.775395_106.022384,220.764636_106.021963,0.04048582995951417,0.29829545454545453
220.774714_106.018034,220.869079_106.077447,0.3117408906882591,0.6122159090909091
220.721456_105.98985,220.759362_106.016376,0.12955465587044535,0.32954545454545453
220.764744_106.022845,220.767872_106.036894,0.04453441295546559,0.34374999999999994
220.772475_106.039253,220.749911_106.017726,0.08502024291497977,0.34232954545454547
220.707843_105.990502,220.784125_106.051185,0.3117408906882591,0.42187499999999994
220.722931_105.99204,220.795185_106.037047,0.2672064777327935,0.40625
220.755141_106.022905,220.747253_106.022567,0.032388663967611336,0.3096590909090909
220.743941_106.01593,220.749479_106.012755,0.032388663967611336,0.3096590909090909
220.779528_106.044451,220.775071_106.019555,0.08097165991902834,0.3267045454545454
220.744607_106.014906,220.742818_106.008713,0.02834008097165992,0.30823863636363635
220.750898_105.994337,220.654249_105.631375,1.0,1.0
220.723476_106.004197,220.772739_106.04744,0.18218623481781376,0.36221590909090906
220.725505_106.003595,220.763816_106.039659,0.11336032388663968,0.3380681818181818
220.766011_106.105591,220.766011_106.105591,0.04048582995951417,0.3125
220.72729_106.006184,220.723618_105.990414,0.05668016194331984,0.3380681818181818
220.645053_106.21898,220.74916_106.023156,0.6923076923076924,0.7840909090909091
220.7726_106.017488,220.742118_106.003282,0.10121457489878542,0.4048295454545454
220.735251_106.001687,220.740211_105.994377,0.024291497975708502,0.3068181818181818
220.750221_106.012892,220.740926_105.994324,0.06072874493927126,0.3409090909090909
220.757112_106.017127,220.755895_106.026826,0.06477732793522267,0.3210227272727273
220.758623_106.011174,220.769693_106.047709,0.11740890688259109,0.3394886363636363
220.790332_106.052263,220.721343_106.010607,0.27530364372469635,0.6846590909090909
220.736762_105.994285,220.720398_106.00312,0.06477732793522267,0.3210227272727273
180.0_180.0,180.0_180.0,0.09311740890688258,0.33096590909090906
220.745552_106.017687,220.724477_106.134017,0.29554655870445345,0.40198863636363635
220.720798_105.991436,220.743845_106.008043,0.09311740890688258,0.36363636363636365
220.738983_105.997409,220.715999_106.048106,0.19433198380566802,0.3664772727272727
220.716364_105.9987,220.740332_105.997941,0.08097165991902834,0.3267045454545454
220.738734_106.006004,220.760007_106.012487,0.07692307692307693,0.35369318181818177
220.735794_105.99322,220.72804_106.015071,0.06072874493927126,0.3480113636363636
220.719987_105.991578,220.737494_105.990884,0.052631578947368425,0.34517045454545453
220.723406_106.009849,220.690923_106.094568,0.24291497975708504,0.4119318181818181
220.791194_106.057897,220.746118_105.999729,0.2145748987854251,0.40198863636363635
220.746149_106.009562,220.774547_106.012309,0.10526315789473685,0.36363636363636365
220.776912_106.04437,220.744532_106.018988,0.11336032388663968,0.3664772727272727
220.780538_106.04725,220.786816_106.022745,0.06882591093117409,0.37499999999999994
220.720396_106.014551,220.71198_105.989897,0.17813765182186236,0.3892045454545454
220.7618_106.012836,220.708237_105.981954,0.20242914979757085,0.3977272727272727
220.754932_106.021502,220.762357_106.013795,0.02834008097165992,0.33664772727272724
220.778704_106.021996,220.758399_106.03728,0.08906882591093118,0.32954545454545453
220.737483_105.9951,220.750428_106.00518,0.04048582995951417,0.3125
220.770516_106.017814,220.78077_106.018347,0.02834008097165992,0.30823863636363635
220.771066_106.040466,220.756098_106.014573,0.08502024291497977,0.328125
220.738927_106.009087,220.759822_106.004657,0.08097165991902834,0.3267045454545454
220.744593_105.993536,220.742292_106.017134,0.06477732793522267,0.34374999999999994
220.646782_106.222261,220.783117_106.049646,0.7732793522267207,0.5696022727272727
220.78535_106.020961,220.781968_106.048233,0.08502024291497977,0.328125
180.0_180.0,180.0_180.0,0.10931174089068826,0.30823863636363635
220.756673_106.029251,220.749805_106.018352,0.04453441295546559,0.28551136363636365
220.726164_106.016566,220.717727_106.01134,0.024291497975708502,0.2784090909090909
220.768691_106.044916,220.771153_106.049686,0.016194331983805668,0.27556818181818177
220.749651_106.027726,220.736195_106.017886,0.04048582995951417,0.28409090909090906
220.792804_106.032617,220.806991_106.046671,0.05668016194331984,0.28977272727272724
220.701447_106.127744,220.701447_106.127744,0.09716599190283401,0.3039772727272727
220.751031_105.994053,220.761192_106.011396,0.09311740890688258,0.3352272727272727
220.73485_106.008843,220.735814_106.020645,0.048582995951417005,0.2869318181818181
220.763233_106.026386,220.756214_106.025295,0.02834008097165992,0.2798295454545454
220.785968_106.020408,220.790778_106.023768,0.016194331983805668,0.27556818181818177
220.729602_106.005259,220.746374_106.028318,0.08502024291497977,0.29971590909090906
220.730645_105.993365,220.738743_105.999738,0.032388663967611336,0.28125
220.758665_106.014016,220.735931_105.994241,0.08502024291497977,0.29971590909090906
220.779629_106.044293,220.777511_106.051017,0.016194331983805668,0.27556818181818177
220.742961_105.996018,220.750148_106.005099,0.04453441295546559,0.28551136363636365
220.755468_106.006621,220.709757_105.991459,0.14574898785425103,0.3210227272727273
220.698552_106.008445,220.695241_106.029679,0.048582995951417005,0.2869318181818181
220.715136_105.9901,220.760292_105.997551,0.14574898785425103,0.3210227272727273
220.757543_106.026209,220.774723_106.036872,0.06072874493927126,0.29119318181818177
220.751409_105.993501,220.677372_106.019217,0.33198380566801616,0.3863636363636363
220.763611_106.030872,220.759197_106.037077,0.024291497975708502,0.2784090909090909
220.733661_105.993662,220.738564_106.008054,0.04048582995951417,0.28409090909090906
220.734258_106.006553,220.761755_106.029108,0.10121457489878542,0.3409090909090909
220.755247_106.031873,220.738231_106.01928,0.052631578947368425,0.2883522727272727
220.753466_106.022598,220.735338_105.996758,0.09716599190283401,0.3039772727272727
220.758707_106.027845,220.734108_106.001277,0.10121457489878542,0.30539772727272724
220.741497_106.006146,220.773179_106.048444,0.15384615384615385,0.32386363636363635
220.736229_106.01775,220.732597_106.000719,0.052631578947368425,0.2883522727272727
220.76527_106.015799,220.642833_106.21038,0.6963562753036437,0.5142045454545454
220.744474_106.016598,220.772184_106.047716,0.12550607287449395,0.31392045454545453
220.76367_106.003757,220.733397_106.00304,0.11740890688259109,0.3110795454545454
220.72062_106.002959,220.737304_106.015951,0.06072874493927126,0.29119318181818177
220.707359_105.995646,220.730471_106.010971,0.07692307692307693,0.29687499999999994
220.771285_106.04342,220.749363_106.023356,0.08097165991902834,0.29829545454545453
220.760941_106.01674,220.776247_106.052365,0.12550607287449395,0.31392045454545453
220.768008_106.014444,220.781575_106.020821,0.04453441295546559,0.28551136363636365
220.754682_106.025241,220.787483_106.032824,0.12955465587044535,0.32954545454545453
220.782943_106.049566,220.787916_106.02893,0.06882591093117409,0.30823863636363635
220.76456_106.033678,220.78584_106.031127,0.08097165991902834,0.3125
220.761853_106.025792,220.729648_106.009273,0.10931174089068826,0.32244318181818177
220.763772_106.033863,220.763774_106.033867,0.0,0.2556818181818182
220.736955_106.015529,220.752744_106.022747,0.048582995951417005,0.2727272727272727
220.778723_106.046187,220.72262_105.996277,0.2834008097165992,0.35511363636363635
220.772041_106.04099,220.762881_106.032058,0.04453441295546559,0.2713068181818182
220.734989_106.00885,220.730294_106.015996,0.024291497975708502,0.26420454545454547
220.772513_106.0418,220.75838_106.036741,0.048582995951417005,0.2869318181818181
220.771985_106.137189,220.776437_106.053571,0.3400809716599191,0.6136363636363636
220.793964_106.033865,220.787307_106.01996,0.04453441295546559,0.28551136363636365
180.0_180.0,180.0_180.0,0.048582995951417005,0.2869318181818181
220.773075_106.043473,220.777662_106.04515,0.008097165991902834,0.2727272727272727
220.755711_106.017814,220.717699_105.989482,0.14574898785425103,0.3068181818181818
220.718864_105.99147,220.737928_106.018603,0.10526315789473685,0.32954545454545453
220.733228_105.996865,220.722368_106.006577,0.15789473684210525,0.3110795454545454
220.723225_106.002368,220.703066_106.009243,0.14574898785425103,0.3494318181818182
220.732853_106.005907,220.783245_106.023,0.19838056680161945,0.5071022727272727
220.753984_106.012754,220.784837_106.050339,0.13765182186234817,0.3039772727272727
220.764848_106.026777,220.745307_106.028677,0.08097165991902834,0.28409090909090906
180.0_180.0,180.0_180.0,0.032388663967611336,0.26704545454545453
220.729464_105.998342,220.750593_105.996439,0.08906882591093118,0.2869318181818181
220.74974_105.993578,220.738087_105.991337,0.03643724696356276,0.26846590909090906
220.773355_106.129495,220.738271_106.018151,0.3481781376518219,0.37784090909090906
220.739847_106.013471,220.725733_106.019477,0.05668016194331984,0.27556818181818177
220.772512_106.050312,220.740934_105.998372,0.19838056680161945,0.3252840909090909
220.755571_106.02679,220.730318_105.999789,0.10526315789473685,0.3068181818181818
220.779987_106.042922,220.775877_106.046923,0.016194331983805668,0.2613636363636363
220.748402_106.011328,220.759048_106.006008,0.032388663967611336,0.28977272727272724
220.776531_106.013178,220.801928_106.04237,0.12550607287449395,0.29971590909090906
220.764448_106.027087,220.732224_106.003825,0.10526315789473685,0.29261363636363635
220.76576_106.021218,220.780382_106.018756,0.048582995951417005,0.2727272727272727
220.788714_106.032981,220.774249_106.042019,0.05668016194331984,0.27556818181818177
220.73057_106.019487,220.767368_106.010041,0.14574898785425103,0.3068181818181818
220.794244_106.033296,220.799373_106.028099,0.02834008097165992,0.26562499999999994
220.786079_106.044867,220.774035_106.045149,0.052631578947368425,0.2883522727272727
220.754397_106.012022,220.732145_105.994846,0.07692307692307693,0.2826704545454545
220.742328_105.995673,220.772653_106.018059,0.11336032388663968,0.2954545454545454
220.744228_106.008499,220.739497_105.991925,0.06477732793522267,0.2784090909090909
220.769781_106.136714,220.746652_106.027432,0.3441295546558705,0.37642045454545453
220.751338_106.026069,220.79986_106.030161,0.17813765182186236,0.3181818181818181
220.722125_106.008122,220.715238_105.985167,0.07692307692307693,0.2826704545454545
220.746526_106.016033,220.728139_106.020687,0.07692307692307693,0.29687499999999994
220.771424_106.043385,220.748555_106.027101,0.07287449392712551,0.3068181818181818
220.758016_106.029183,220.739076_106.023116,0.06882591093117409,0.2940340909090909
220.76075_106.033105,220.780517_106.047548,0.06477732793522267,0.29261363636363635
220.738425_106.008116,220.738122_105.996567,0.048582995951417005,0.3039772727272727
220.766398_106.016453,220.740385_106.005825,0.10121457489878542,0.30539772727272724
220.77539_106.03728,220.758093_106.026371,0.05668016194331984,0.28977272727272724
220.771968_106.017851,220.732815_105.999887,0.19028340080971662,0.33664772727272724
220.731283_106.008258,220.733237_105.997007,0.04048582995951417,0.28409090909090906
220.764921_106.031477,220.786709_106.029626,0.08502024291497977,0.32954545454545453
220.770139_106.031419,220.753533_106.022538,0.052631578947368425,0.3252840909090909
220.725999_105.992473,220.707752_105.998322,0.08502024291497977,0.29971590909090906
220.783718_106.029189,220.719164_105.993929,0.2672064777327935,0.45738636363636365
220.745137_105.997628,220.744313_106.009462,0.032388663967611336,0.29261363636363635
220.738475_106.008549,220.747982_106.010871,0.04048582995951417,0.28409090909090906
220.772471_106.010237,220.791514_106.021876,0.06072874493927126,0.29119318181818177
220.787367_106.05523,220.768957_106.04521,0.06072874493927126,0.29119318181818177
220.761635_106.026542,220.7703_106.03346,0.02834008097165992,0.23721590909090906
220.743348_106.015946,220.77406_106.05473,0.1417004048582996,0.3196022727272727
220.74169_106.006363,220.736408_105.993209,0.06882591093117409,0.2940340909090909
220.737322_106.010958,220.713293_106.041766,0.15384615384615385,0.32386363636363635
220.771732_106.04701,220.781901_106.04828,0.03643724696356276,0.2826704545454545
220.75494_106.031519,220.716944_106.164977,0.3684210526315789,0.39914772727272724
220.759078_106.005665,220.739706_106.007409,0.08097165991902834,0.29829545454545453
220.729134_106.015663,220.724978_106.000915,0.048582995951417005,0.3039772727272727
220.735249_106.008045,220.747442_105.99682,0.052631578947368425,0.3068181818181818
220.767708_106.016935,220.735626_106.010184,0.11336032388663968,0.3096590909090909
220.773581_106.018828,220.76547_106.019544,0.024291497975708502,0.2784090909090909
220.747148_105.995362,220.774781_106.05213,0.19028340080971662,0.33664772727272724
220.759616_106.030455,220.763598_106.021222,0.020242914979757085,0.27698863636363635
220.756598_106.023701,220.771414_106.049079,0.08502024291497977,0.29971590909090906
220.74463_106.016966,220.737145_106.01363,0.024291497975708502,0.2869318181818181
180.0_180.0,180.0_180.0,0.06477732793522267,0.29261363636363635
220.73203_105.992221,220.744995_106.001473,0.04453441295546559,0.28551136363636365
220.722889_105.991951,220.724594_106.00599,0.048582995951417005,0.2869318181818181
220.76422_106.044932,220.775953_106.046785,0.04453441295546559,0.28551136363636365
220.741748_106.02533,220.80611_106.045725,0.23481781376518218,0.3664772727272727
220.746523_105.994967,220.71758_105.989431,0.10526315789473685,0.3210227272727273
220.7573_106.029351,220.761002_106.012727,0.04048582995951417,0.29829545454545453
220.755843_106.019552,220.76956_106.044047,0.09716599190283401,0.3181818181818181
220.718145_106.013521,220.720723_106.00311,0.024291497975708502,0.3011363636363636
180.0_180.0,180.0_180.0,0.06882591093117409,0.30823863636363635
220.769642_106.010495,220.746346_105.998496,0.07287449392712551,0.3096590909090909
220.780794_106.01765,220.780794_106.01765,0.06477732793522267,0.2784090909090909
220.738442_106.012507,220.720716_106.005771,0.05668016194331984,0.2954545454545454
220.738582_106.060428,220.732571_105.997095,0.18218623481781376,0.38352272727272724
220.78326_106.047192,220.773035_106.039722,0.032388663967611336,0.26704545454545453
220.766532_106.037122,220.791455_106.026174,0.10121457489878542,0.29119318181818177
220.776263_106.050133,220.733664_106.009099,0.18623481781376516,0.3863636363636363
220.752848_106.024523,220.715023_105.983816,0.2631578947368421,0.3480113636363636
220.75091_106.019282,220.76613_106.030348,0.048582995951417005,0.2727272727272727
220.769726_106.011956,220.762405_106.013469,0.02834008097165992,0.26562499999999994
220.742283_105.999322,220.74182_106.006532,0.016194331983805668,0.2613636363636363
220.763513_106.030086,220.728665_106.005514,0.11336032388663968,0.2954545454545454
220.748942_106.008035,220.774239_106.128814,0.37651821862348184,0.3877840909090909
220.723003_106.005262,220.739665_106.018927,0.07287449392712551,0.35227272727272724
220.745777_105.994433,220.791418_106.02218,0.14574898785425103,0.4289772727272727
220.718913_106.009576,220.724653_106.018122,0.032388663967611336,0.3380681818181818
220.75939_106.028349,220.738837_106.016642,0.07287449392712551,0.35227272727272724
220.726275_106.008136,220.777424_106.049029,0.17408906882591094,0.3877840909090909
220.774087_106.127177,220.843807_106.059473,0.38056680161943324,0.46022727272727265
220.711366_106.056132,220.698774_106.052988,0.04048582995951417,0.3409090909090909
220.744056_106.004645,220.757023_106.010039,0.04048582995951417,0.3409090909090909
220.719583_106.008395,220.740005_106.020065,0.07287449392712551,0.35227272727272724
180.0_180.0,180.0_180.0,0.10526315789473685,0.3068181818181818
220.821936_106.046197,220.789324_106.051568,0.12550607287449395,0.31392045454545453
220.752974_106.003164,220.737667_106.010821,0.06072874493927126,0.29119318181818177
220.751099_106.009318,220.734644_106.004086,0.05668016194331984,0.28977272727272724
220.723389_106.009363,220.718872_106.014882,0.032388663967611336,0.28125
220.758274_106.018123,220.758443_106.010046,0.02834008097165992,0.29971590909090906
220.744351_106.051332,220.744341_106.051335,0.0,0.2698863636363636
220.755193_106.031523,220.850376_106.063296,0.35627530364372473,0.3806818181818182
220.768881_106.040469,220.762197_106.002387,0.11336032388663968,0.2954545454545454
220.75992_106.038003,220.748685_106.009312,0.09716599190283401,0.28977272727272724
220.792408_106.047581,220.791362_106.023989,0.06477732793522267,0.29261363636363635
220.804564_106.061213,220.785113_106.045763,0.06477732793522267,0.31534090909090906
220.754164_106.024668,220.767612_106.031605,0.04453441295546559,0.3323863636363636
220.775261_106.052321,220.771091_106.04011,0.04048582995951417,0.28409090909090906
220.780282_106.040957,220.765263_106.03884,0.06882591093117409,0.3181818181818181
220.731044_106.008306,220.733714_106.002227,0.012145748987854251,0.27414772727272724
220.739608_106.004821,220.775306_106.009508,0.12955465587044535,0.31534090909090906
220.710372_105.990933,220.745237_106.095196,0.3684210526315789,0.4275568181818182
220.761705_106.030055,220.756037_106.025038,0.020242914979757085,0.30539772727272724
220.742573_106.016216,220.724999_106.015635,0.06477732793522267,0.34374999999999994
220.757729_106.028851,220.722788_105.989642,0.29959514170040485,0.3323863636363636
220.733986_106.019325,220.739361_106.011423,0.024291497975708502,0.23579545454545456
220.776402_106.016848,220.758346_106.030198,0.07692307692307693,0.15482954545454544
220.778645_106.018106,220.769136_106.011653,0.03643724696356276,0.24005681818181815
220.768856_106.038747,220.731907_106.008564,0.13360323886639675,0.2883522727272727
220.771514_106.035196,220.77139_106.039525,0.012145748987854251,0.2315340909090909
220.763088_106.026162,220.7272_106.006297,0.12145748987854252,0.18465909090909088
220.734677_106.009283,220.749058_106.00763,0.06882591093117409,0.2798295454545454
220.781344_106.041598,220.771574_106.040712,0.04453441295546559,0.3025568181818182
220.755802_106.013581,220.75115_106.008955,0.020242914979757085,0.2627840909090909
220.755023_106.026577,220.750861_106.009029,0.052631578947368425,0.27414772727272724
220.775032_106.049417,220.686972_106.00634,0.3643724696356275,0.5113636363636364
220.766213_106.028283,220.81307_106.042598,0.19838056680161945,0.3252840909090909
220.799006_106.031199,220.787216_106.022335,0.03643724696356276,0.26846590909090906
220.747428_106.026353,220.750231_106.013393,0.03643724696356276,0.26846590909090906
220.764353_106.030122,220.789676_106.026286,0.09716599190283401,0.28977272727272724
220.726526_106.013943,220.719874_105.989778,0.08097165991902834,0.28409090909090906
220.758144_106.029195,220.726907_106.012672,0.10526315789473685,0.29261363636363635
220.733921_106.009994,220.749003_106.008452,0.05668016194331984,0.3352272727272727
180.0_180.0,180.0_180.0,0.06882591093117409,0.2798295454545454
220.809568_106.04652,220.795375_106.066247,0.06882591093117409,0.2798295454545454
220.722074_106.008105,220.718104_105.985098,0.07287449392712551,0.28125
220.787824_106.022957,220.785704_106.029838,0.024291497975708502,0.26420454545454547
220.756735_106.033209,220.752897_106.032239,0.012145748987854251,0.2599431818181818
220.705113_105.99286,220.772592_106.047528,0.29149797570850206,0.3579545454545454
220.757697_106.01459,220.70518_105.990365,0.19838056680161945,0.3252840909090909
220.721536_106.002584,220.746429_105.998887,0.08906882591093118,0.2869318181818181
220.782964_106.046875,220.79277_106.029801,0.06072874493927126,0.27698863636363635
220.728761_106.012349,220.685293_106.036809,0.17408906882591094,0.31676136363636365
220.737859_106.022185,220.749384_106.008868,0.052631578947368425,0.27414772727272724
220.764155_106.037992,220.774408_106.04259,0.04048582995951417,0.2698863636363636
220.723066_106.005108,220.763167_106.03512,0.15789473684210525,0.4375
220.777787_106.041231,220.760026_106.034563,0.06477732793522267,0.2784090909090909
220.802124_106.032012,220.794204_106.029345,0.024291497975708502,0.26420454545454547
220.733986_105.992452,220.731448_106.009571,0.04048582995951417,0.2698863636363636
220.726638_106.00409,220.740668_106.021122,0.06477732793522267,0.2784090909090909
220.753153_106.016864,220.676724_106.027838,0.3360323886639677,0.3735795454545454
220.773847_106.054306,220.792243_106.025916,0.10121457489878542,0.3267045454545454
220.733937_106.019308,220.760112_106.024221,0.09716599190283401,0.28977272727272724
220.728716_106.015415,220.730809_106.019312,0.012145748987854251,0.2599431818181818
220.778885_106.04579,220.773005_106.05385,0.024291497975708502,0.23579545454545456
220.778927_106.018444,220.7621_106.031391,0.06882591093117409,0.30823863636363635
220.75206_106.027292,220.75154_106.009309,0.06477732793522267,0.3068181818181818
220.742047_106.02572,220.731479_106.007758,0.06882591093117409,0.30823863636363635
220.73271_105.993516,220.738161_105.992741,0.020242914979757085,0.3196022727272727
220.749942_106.027859,220.745209_105.994237,0.10121457489878542,0.3480113636363636
220.783622_106.025618,220.775599_106.009651,0.052631578947368425,0.33096590909090906
220.740039_106.000962,220.811077_106.05103,0.3036437246963563,0.4190340909090909
220.759236_106.025172,220.774382_106.053776,0.10121457489878542,0.3480113636363636
220.765495_106.01249,220.801835_106.035171,0.11740890688259109,0.3948863636363636
220.749768_106.007927,220.730468_105.99746,0.05668016194331984,0.3323863636363636
220.803698_106.032768,220.794905_106.028121,0.024291497975708502,0.3210227272727273
220.763617_106.024898,220.722903_106.140114,0.29959514170040485,0.4176136363636363
220.776603_106.044205,220.779782_106.05548,0.3360323886639677,0.43039772727272724
220.756687_106.02135,220.746397_106.013682,0.032388663967611336,0.32386363636363635
220.774328_106.040917,220.774328_106.040917,0.3522267206477733,0.4360795454545454
220.7582_106.009572,220.748797_106.000483,0.024291497975708502,0.29261363636363635
220.765345_106.01959,220.731434_105.991301,0.13360323886639675,0.33096590909090906
220.75554_106.013743,220.764323_106.007781,0.03643724696356276,0.29687499999999994
220.75011_106.012125,220.748508_105.994137,0.052631578947368425,0.3025568181818182
220.771203_106.03853,220.759431_106.023406,0.05668016194331984,0.32386363636363635
220.752831_106.012969,220.687124_106.214553,0.5748987854251012,0.48579545454545453
220.771763_106.039257,220.776093_106.051493,0.04453441295546559,0.31534090909090906
220.772388_106.039037,220.744351_106.00364,0.13360323886639675,0.37784090909090906
220.762275_106.017628,220.761906_106.029048,0.032388663967611336,0.2954545454545454
220.737927_106.019093,220.753927_106.002258,0.07692307692307693,0.3110795454545454
220.756375_106.013077,220.775194_106.018013,0.06477732793522267,0.3068181818181818
220.745261_105.994227,220.698276_106.066043,0.24291497975708504,0.625
220.746206_106.028199,220.710794_105.993783,0.17004048582995954,0.34374999999999994
220.705058_105.983937,220.72245_105.999664,0.08906882591093118,0.31534090909090906
220.743983_106.022428,220.729405_106.012192,0.04453441295546559,0.29971590909090906
220.719283_105.998674,220.687514_105.99941,0.12145748987854252,0.3267045454545454
220.756627_106.002388,220.771817_106.013478,0.048582995951417005,0.3011363636363636
220.770122_106.136449,220.755373_106.025698,0.37651821862348184,0.41619318181818177
220.760875_106.030793,220.732193_105.996237,0.12955465587044535,0.32954545454545453
220.768445_106.018069,220.75525_106.022422,0.05668016194331984,0.3039772727272727
220.738974_106.016297,220.735733_106.001783,0.048582995951417005,0.35227272727272724
220.776778_106.05145,220.760422_106.006632,0.18218623481781376,0.3480113636363636
220.762223_106.023744,220.703949_105.989653,0.2631578947368421,0.37642045454545453
220.761485_106.005828,220.722492_106.002527,0.1417004048582996,0.3338068181818182
220.751399_106.02914,220.756402_106.03571,0.03643724696356276,0.29687499999999994
180.0_180.0,180.0_180.0,0.02834008097165992,0.2940340909090909
220.764222_106.011396,220.742574_106.022554,0.08906882591093118,0.34374999999999994
220.780385_106.040885,220.729838_106.008266,0.18218623481781376,0.44034090909090906
180.0_180.0,180.0_180.0,0.23481781376518218,0.3948863636363636
220.765662_106.0422,220.760936_106.015199,0.08097165991902834,0.3409090909090909
220.738409_106.014571,220.734888_105.998417,0.048582995951417005,0.32954545454545453
220.7147_105.991849,220.758714_106.013979,0.14979757085020243,0.3650568181818181
220.777259_106.047635,220.764842_106.033521,0.052631578947368425,0.33096590909090906
220.724728_106.007823,220.754002_106.011976,0.10526315789473685,0.3494318181818182
220.794756_106.033794,220.803727_106.034472,0.03643724696356276,0.3252840909090909
220.72191_106.042048,220.707393_105.994958,0.24291497975708504,0.3977272727272727
220.713352_105.990716,220.714235_106.166944,0.5384615384615385,0.5014204545454545
220.754963_106.015848,220.743474_106.027471,0.06072874493927126,0.3338068181818182
220.740814_106.012054,220.782835_106.04889,0.14979757085020243,0.4176136363636363
220.730959_106.017284,220.726509_106.021877,0.02834008097165992,0.32244318181818177
220.706887_105.995405,220.753738_106.033802,0.19433198380566802,0.3806818181818182
220.732961_105.999813,220.741338_105.993872,0.03643724696356276,0.3252840909090909
220.765927_106.016414,220.775349_106.017561,0.11336032388663968,0.39204545454545453
220.742744_105.999691,220.724928_106.005088,0.07692307692307693,0.3394886363636363
220.703104_106.01517,220.719464_106.04106,0.15384615384615385,0.3664772727272727
220.773141_106.047859,220.787163_106.058067,0.04453441295546559,0.328125
220.735271_105.996738,220.744897_106.014246,0.06882591093117409,0.33664772727272724
220.774027_106.125484,220.772251_106.05308,0.32388663967611336,0.4261363636363636
220.768933_106.017325,220.762474_106.027804,0.02834008097165992,0.2940340909090909
220.707442_105.995056,220.722147_106.018446,0.10526315789473685,0.3210227272727273
180.0_180.0,180.0_180.0,0.18623481781376516,0.3494318181818182
220.720945_105.99002,220.760519_105.997618,0.12145748987854252,0.3267045454545454
220.754621_106.024289,220.767578_106.009777,0.06477732793522267,0.3068181818181818
220.742243_106.025513,220.747631_106.017807,0.048582995951417005,0.3011363636363636
220.762751_106.014645,220.723303_106.054981,0.20647773279352225,0.3565340909090909
220.74968_106.016831,220.751181_106.007298,0.032388663967611336,0.32954545454545453
220.780907_106.050601,220.769234_106.044842,0.03643724696356276,0.29687499999999994
220.787166_106.026138,220.788381_106.045099,0.06477732793522267,0.3068181818181818
220.779776_106.429775,220.779776_106.429775,0.048582995951417005,0.3011363636363636
220.772618_106.041481,220.787791_106.024879,0.06882591093117409,0.30823863636363635
220.764018_106.02661,220.727311_105.99963,0.12955465587044535,0.32954545454545453
220.746943_106.014579,220.739142_106.010613,0.020242914979757085,0.29119318181818177
220.75874_106.011907,220.648842_106.217531,0.708502024291498,0.7812499999999999
220.725781_106.005753,220.746363_105.995347,0.08502024291497977,0.31392045454545453
220.72241_106.006916,220.721452_105.999062,0.02834008097165992,0.2940340909090909
220.763493_106.034739,220.774219_106.045646,0.048582995951417005,0.3011363636363636
220.746794_106.006973,220.773501_106.048152,0.16194331983805668,0.3409090909090909
220.759039_106.017682,220.753605_106.025195,0.02834008097165992,0.2940340909090909
220.772243_106.054353,220.742472_106.01966,0.14574898785425103,0.3352272727272727
220.731235_105.99977,220.747456_106.008775,0.06477732793522267,0.3068181818181818
220.779241_106.055252,220.766987_106.032757,0.07692307692307693,0.3110795454545454
220.763656_106.00383,220.74554_106.086511,0.2105263157894737,0.3579545454545454
220.734404_106.010237,220.760763_106.005638,0.10121457489878542,0.3196022727272727
220.826445_106.044469,220.803606_106.051372,0.09716599190283401,0.35227272727272724
220.733864_106.009023,220.710367_105.983427,0.10121457489878542,0.3196022727272727
220.746838_106.015974,220.784291_106.017025,0.12145748987854252,0.3409090909090909
220.752324_106.020999,220.772873_106.04765,0.09716599190283401,0.35227272727272724
220.732532_105.996657,220.707598_105.98313,0.09716599190283401,0.3664772727272727
220.705641_105.994141,220.734636_106.011779,0.16599190283400808,0.3565340909090909
220.759962_106.034696,220.735559_106.012317,0.09311740890688258,0.31676136363636365
180.0_180.0,180.0_180.0,0.06477732793522267,0.3210227272727273
220.757013_106.027916,220.702431_106.014482,0.2672064777327935,0.39204545454545453
220.721444_105.99019,220.71421_105.999906,0.048582995951417005,0.3011363636363636
220.752378_106.026492,220.75968_106.032363,0.020242914979757085,0.30539772727272724
220.759513_106.016363,220.748666_106.006759,0.04048582995951417,0.3125
220.733407_105.995113,220.781179_106.01649,0.17408906882591094,0.34517045454545453
220.748292_106.011365,220.769748_106.047723,0.12955465587044535,0.32954545454545453
220.742919_106.007714,220.733937_106.004455,0.02834008097165992,0.30823863636363635
220.741281_105.994876,220.753023_106.034097,0.12550607287449395,0.34232954545454547
220.741239_106.012541,220.751408_106.029036,0.06882591093117409,0.3323863636363636
220.784858_106.041912,220.775702_106.03561,0.02834008097165992,0.30823863636363635
220.76345_106.014781,220.739934_106.015816,0.08906882591093118,0.32954545454545453
220.752456_106.025126,220.768852_106.041587,0.06072874493927126,0.3196022727272727
220.705984_105.987213,220.724748_106.017465,0.10931174089068826,0.32244318181818177
220.75969_106.023816,220.741852_106.104122,0.22672064777327935,0.37784090909090906
220.742735_106.019617,220.772146_106.043816,0.10931174089068826,0.33664772727272724
220.745931_105.99447,220.731691_106.006894,0.07287449392712551,0.32386363636363635
220.740927_106.012469,220.726272_106.016582,0.05668016194331984,0.3181818181818181
220.723917_106.049138,220.777375_106.05272,0.22267206477732795,0.37642045454545453
220.645568_106.22321,220.789358_106.029828,0.8218623481781377,0.5866477272727272
220.727241_106.015414,220.722231_106.013587,0.016194331983805668,0.3096590909090909
220.755824_106.026888,220.733152_106.025372,0.07692307692307693,0.3252840909090909
220.748874_106.007862,220.765488_106.012086,0.06477732793522267,0.3352272727272727
220.765641_106.016836,220.607299_106.024423,0.6153846153846154,0.5284090909090909
220.726104_106.01033,220.748909_106.026332,0.07692307692307693,0.3394886363636363
220.763421_106.021483,220.78337_106.049411,0.09716599190283401,0.34659090909090906
220.759829_106.02536,220.778872_106.02209,0.07692307692307693,0.3394886363636363
220.752837_106.010401,220.761227_106.030354,0.06882591093117409,0.33664772727272724
220.761252_106.02679,220.775052_106.019965,0.05668016194331984,0.34659090909090906
220.74219_106.019215,220.681605_106.037688,0.32388663967611336,0.44034090909090906
220.760764_106.001529,220.682283_106.003999,0.27125506072874495,0.42187499999999994
220.755498_106.025183,220.744927_106.008515,0.19433198380566802,0.3948863636363636
220.719558_105.993,220.74738_105.998599,0.10931174089068826,0.3650568181818181
220.71594_106.038094,220.718511_106.059384,0.052631578947368425,0.34517045454545453
220.731188_106.017362,220.789233_106.0588,0.18623481781376516,0.39204545454545453
220.770852_106.13465,220.707182_105.992893,0.5101214574898786,0.4630681818181818
220.766006_106.03656,220.761582_106.039173,0.024291497975708502,0.29261363636363635
220.7571_106.030495,220.772747_106.043828,0.05668016194331984,0.32386363636363635
220.781596_106.046592,220.761745_106.033898,0.06477732793522267,0.3068181818181818
220.767482_106.015473,220.72736_106.008273,0.14979757085020243,0.33664772727272724
220.78829_106.045597,220.792252_106.028178,0.04453441295546559,0.29971590909090906
220.73554_106.005938,220.690986_106.003886,0.17004048582995954,0.34374999999999994
220.755393_106.028822,220.770667_106.051917,0.07692307692307693,0.3110795454545454
220.729592_106.009986,220.715001_105.988064,0.07692307692307693,0.3380681818181818
220.726842_105.994316,220.727801_106.016528,0.07287449392712551,0.3096590909090909
220.752092_106.006774,220.756405_106.002589,0.020242914979757085,0.29119318181818177
220.746311_106.014228,220.763678_106.007428,0.06882591093117409,0.30823863636363635
220.75349_106.022438,220.725754_106.022213,0.09716599190283401,0.3181818181818181
220.741568_105.999496,220.738015_106.009179,0.024291497975708502,0.3011363636363636
220.742408_105.995422,220.737899_106.017534,0.048582995951417005,0.3011363636363636
220.727365_105.999153,220.770401_106.041794,0.17004048582995954,0.4034090909090909
220.763883_106.045853,220.781356_106.040142,0.07287449392712551,0.3096590909090909
220.724967_106.007724,220.748527_106.017529,0.08502024291497977,0.31392045454545453
220.765609_106.045285,220.756933_106.032188,0.048582995951417005,0.3011363636363636
220.767311_106.019739,220.727581_106.011587,0.1417004048582996,0.3338068181818182
220.711009_105.984327,220.750464_106.005181,0.1417004048582996,0.3338068181818182
220.748423_105.994795,220.762498_106.023447,0.12145748987854252,0.3267045454545454
220.764543_106.035377,220.85508_106.063113,0.33198380566801616,0.11647727272727271
220.726554_106.008383,220.741833_105.995133,0.07287449392712551,0.10227272727272727
220.770061_106.012127,220.780469_106.019783,0.032388663967611336,0.011363636363636364
220.722428_106.00685,220.690483_106.003487,0.12550607287449395,0.044034090909090905
220.746681_105.99504,220.742425_105.995596,0.020242914979757085,0.29829545454545453
220.766732_106.022175,220.767613_106.04395,0.06072874493927126,0.30539772727272724
220.743448_105.992661,220.756811_106.017827,0.08502024291497977,0.3735795454545454
220.752685_106.003056,220.742406_105.995791,0.032388663967611336,0.2954545454545454
220.693297_106.011156,220.739149_106.018116,0.22267206477732795,0.36221590909090906
220.730602_105.993304,220.722195_106.003347,0.04048582995951417,0.29829545454545453
220.760742_106.033485,220.771612_106.043335,0.03643724696356276,0.29687499999999994
220.730422_105.999936,220.742598_106.092675,0.3400809716599191,0.4034090909090909
220.710316_106.03966,220.71476_106.001831,0.09716599190283401,0.3181818181818181
220.741862_106.010633,220.76047_106.029951,0.08097165991902834,0.3125
220.771924_106.040888,220.792405_106.024972,0.08906882591093118,0.31534090909090906
220.755212_106.031872,220.746808_106.026867,0.024291497975708502,0.3011363636363636
220.752418_106.009798,220.810303_106.052395,0.2105263157894737,0.3579545454545454
220.74175_106.006409,220.740225_106.017887,0.02834008097165992,0.3039772727272727
220.763515_106.03051,220.771814_106.038283,0.03643724696356276,0.29687499999999994
220.762487_106.031043,220.75818_106.047045,0.15789473684210525,0.3394886363636363
220.77129_106.01747,220.775465_106.037946,0.08906882591093118,0.37784090909090906
220.69018_106.005256,220.669795_106.012399,0.08097165991902834,0.3125
220.762887_106.032074,220.775386_106.016186,0.06072874493927126,0.30539772727272724
220.758387_106.015016,220.650996_106.026933,0.46153846153846156,0.44602272727272724
220.768146_106.007866,220.731388_105.997725,0.12145748987854252,0.3267045454545454
220.733166_105.996693,220.746929_106.020246,0.08097165991902834,0.3125
220.771099_106.038066,220.73046_105.991088,0.17408906882591094,0.34517045454545453
220.768782_106.044862,220.706202_105.983412,0.3076923076923077,0.5
220.724851_106.005061,220.752256_106.023096,0.09311740890688258,0.31676136363636365
220.746404_106.010787,220.767724_106.037901,0.12550607287449395,0.328125
220.769638_106.016167,220.761383_106.024861,0.032388663967611336,0.2954545454545454
220.758484_106.028491,220.814151_106.041105,0.20242914979757085,0.35511363636363635
220.749536_106.025706,220.755334_106.022738,0.024291497975708502,0.29261363636363635
220.742004_105.995233,220.722513_106.003,0.06882591093117409,0.30823863636363635
220.743193_106.00426,220.74463_106.014629,0.03643724696356276,0.29687499999999994
220.747826_106.010764,220.738974_106.016297,0.06072874493927126,0.30539772727272724
220.787666_106.045382,220.72017_106.012593,0.2631578947368421,0.36221590909090906
220.734065_106.010746,220.745229_105.994288,0.06477732793522267,0.29261363636363635
220.749136_106.019856,220.747578_106.011807,0.02834008097165992,0.2798295454545454
220.742727_106.015235,220.736641_106.01138,0.016194331983805668,0.27556818181818177
220.74263_106.007831,220.748632_105.994264,0.032388663967611336,0.2954545454545454
220.720631_105.994809,220.745641_106.021943,0.10931174089068826,0.30823863636363635
220.762972_106.032708,220.786191_106.022643,0.09716599190283401,0.3039772727272727
220.722083_105.994694,220.772929_106.035444,0.17813765182186236,0.3323863636363636
220.730202_106.016151,220.753797_106.029209,0.08097165991902834,0.29829545454545453
220.760915_106.02484,220.775074_106.041069,0.06072874493927126,0.29119318181818177
220.77395_106.125471,220.694599_106.036748,0.3522267206477733,0.39346590909090906
220.756416_106.015073,220.674842_106.025669,0.2631578947368421,0.36221590909090906
220.757952_106.015262,220.776385_106.047466,0.12955465587044535,0.31534090909090906
220.741314_106.005421,220.73102_106.008685,0.03643724696356276,0.2826704545454545
220.764819_106.034049,220.768583_106.044605,0.03643724696356276,0.2826704545454545
220.648619_106.216635,220.74549_106.012701,0.708502024291498,0.7670454545454545
220.762132_106.032073,220.693432_106.007122,0.29959514170040485,0.37499999999999994
220.731996_106.00392,220.788443_106.023258,0.20647773279352225,0.4289772727272727
220.752938_106.019909,220.762032_106.00635,0.04453441295546559,0.29971590909090906
220.732253_106.015465,220.769758_106.019259,0.13765182186234817,0.3323863636363636
220.714125_105.99164,220.740083_106.008756,0.08906882591093118,0.31534090909090906
220.752855_106.021125,220.715224_106.008392,0.12955465587044535,0.32954545454545453
220.757151_106.029039,220.749558_106.007621,0.06477732793522267,0.3068181818181818
220.753729_105.996549,220.753729_105.996549,0.14574898785425103,0.3863636363636363
220.735886_106.013956,220.730123_106.016578,0.024291497975708502,0.29261363636363635
220.748818_106.02657,220.751704_106.017573,0.020242914979757085,0.29119318181818177
220.767306_106.031396,220.720888_105.997146,0.16194331983805668,0.3977272727272727
220.714787_105.994373,220.756895_106.035915,0.21862348178137653,0.3607954545454545
220.730255_105.993306,220.774738_106.017609,0.17004048582995954,0.34374999999999994
220.757466_106.009314,220.741341_105.966442,0.14979757085020243,0.33664772727272724
220.747112_106.014588,220.748909_106.023928,0.02834008097165992,0.25142045454545453
220.762261_106.018097,220.748333_106.026626,0.05668016194331984,0.2613636363636363
220.771248_106.018041,220.759653_106.005028,0.048582995951417005,0.25852272727272724
220.775382_106.015809,220.781116_106.016547,0.020242914979757085,0.24857954545454544
220.746017_106.002127,220.736748_106.027187,0.07287449392712551,0.26704545454545453
220.765401_106.018759,220.782859_106.042496,0.10526315789473685,0.2784090909090909
220.719472_105.998171,220.627475_105.970615,0.37651821862348184,0.3735795454545454
220.770736_106.043028,220.749568_106.012864,0.10931174089068826,0.2798295454545454
220.766213_106.020316,220.722333_106.008184,0.14979757085020243,0.3892045454545454
220.752112_106.024413,220.805517_106.042289,0.19028340080971662,0.4176136363636363
220.772324_106.032957,220.755474_106.032114,0.06882591093117409,0.30823863636363635
220.72223_106.001023,220.734142_106.000715,0.04048582995951417,0.29829545454545453
220.744737_106.019472,220.744732_106.043299,0.09716599190283401,0.35227272727272724
220.761125_106.005416,220.748131_106.021989,0.06477732793522267,0.3068181818181818
220.763604_106.026366,220.751123_106.009978,0.05668016194331984,0.3039772727272727
220.746494_105.994982,220.76445_106.029813,0.12550607287449395,0.328125
220.770459_106.012542,220.781714_106.017103,0.03643724696356276,0.29687499999999994
220.735697_106.014584,220.760682_106.005356,0.10121457489878542,0.3196022727272727
220.77867_106.046101,220.801155_106.031236,0.09716599190283401,0.3181818181818181
220.760282_106.035264,220.732057_105.992203,0.16599190283400808,0.34232954545454547
220.7428_106.019348,220.740294_105.993937,0.07287449392712551,0.3096590909090909
220.737808_106.011773,220.772271_106.049694,0.14979757085020243,0.33664772727272724
180.0_180.0,180.0_180.0,0.03643724696356276,0.29687499999999994
220.743233_106.013475,220.756312_106.009938,0.048582995951417005,0.3011363636363636
220.74519_105.994021,220.725038_106.004792,0.08906882591093118,0.34659090909090906
220.72248_106.00587,220.713508_106.052635,0.12955465587044535,0.32954545454545453
220.721665_106.006569,220.734559_105.990016,0.06072874493927126,0.30539772727272724
180.0_180.0,180.0_180.0,0.052631578947368425,0.3025568181818182
220.751004_106.009152,220.745255_106.008598,0.024291497975708502,0.3068181818181818
220.754451_106.000702,220.746315_106.004786,0.04453441295546559,0.31392045454545453
220.76398_106.023263,220.781055_106.04115,0.06882591093117409,0.32244318181818177
220.801598_106.031325,220.764687_106.011783,0.12145748987854252,0.38352272727272724
220.779472_106.040175,220.830253_106.079313,0.17408906882591094,0.359375
220.761789_106.023712,220.707876_105.996033,0.21862348178137653,0.37499999999999994
220.747462_105.995744,220.722423_106.000839,0.09716599190283401,0.3664772727272727
220.779228_106.011573,220.8467_106.096233,0.3117408906882591,0.4076704545454545
220.753866_106.02199,220.734167_106.013309,0.07287449392712551,0.32386363636363635
220.727542_106.020665,220.746746_105.992471,0.10121457489878542,0.3338068181818182
220.741046_106.015008,220.789089_106.05137,0.16599190283400808,0.41477272727272724
220.770008_106.019569,220.785789_106.049125,0.10526315789473685,0.3494318181818182
220.759088_106.029808,220.764243_106.014811,0.03643724696356276,0.3252840909090909
220.730877_105.998594,220.749479_106.007562,0.06072874493927126,0.3338068181818182
220.733154_106.011692,220.716845_106.045445,0.14574898785425103,0.3494318181818182
220.737301_106.003516,220.711311_106.038592,0.16599190283400808,0.3565340909090909
220.722465_106.01689,220.722443_106.006934,0.032388663967611336,0.32386363636363635
220.773187_106.035758,220.719812_106.005626,0.19028340080971662,0.4985795454545454
220.740037_106.004945,220.828342_106.053028,0.38056680161943324,0.43181818181818177
220.749406_106.022716,220.760672_105.997222,0.06882591093117409,0.32244318181818177
220.810737_106.041784,220.758952_106.02952,0.04453441295546559,0.328125
220.753232_106.022319,220.757555_106.011168,0.02834008097165992,0.32244318181818177
220.723416_106.011513,220.729373_106.018893,0.024291497975708502,0.3210227272727273
220.760442_106.030167,220.879629_106.084024,0.4453441295546559,0.45454545454545453
220.743345_106.011524,220.732229_106.003701,0.03643724696356276,0.3110795454545454
220.756343_106.014253,220.786375_106.026127,0.11740890688259109,0.3394886363636363
220.733096_105.993342,220.751875_105.995457,0.06882591093117409,0.3607954545454545
220.754915_106.020343,220.73533_106.005843,0.06072874493927126,0.35511363636363635
220.759809_106.025919,220.805987_106.047034,0.15384615384615385,0.35227272727272724
220.734278_106.000796,220.749143_106.007299,0.048582995951417005,0.31534090909090906
220.737469_106.018704,220.749107_106.010074,0.06072874493927126,0.3338068181818182
220.759909_106.022581,220.778853_106.037852,0.06882591093117409,0.3607954545454545
220.649637_106.0688,220.669605_106.073423,0.07692307692307693,0.3394886363636363
220.739293_105.996567,220.716127_105.990887,0.07287449392712551,0.3380681818181818
220.761858_106.036583,220.782592_106.047248,0.08502024291497977,0.34232954545454547
220.718781_106.010795,220.716984_106.042193,0.09311740890688258,0.34517045454545453
220.720629_105.990064,220.733864_105.994059,0.048582995951417005,0.34659090909090906
220.740412_106.003879,220.691848_106.073689,0.24696356275303644,0.3849431818181818
220.762304_106.018089,220.747589_105.996136,0.07287449392712551,0.32386363636363635
220.764069_106.023037,220.777222_106.053929,0.10526315789473685,0.3352272727272727
220.756039_106.017905,220.788711_106.03065,0.13360323886639675,0.39204545454545453
220.789775_106.024612,220.780971_106.018545,0.024291497975708502,0.25
220.763573_106.032543,220.773616_106.036205,0.032388663967611336,0.25284090909090906
220.744703_106.012626,220.734724_105.997847,0.052631578947368425,0.2784090909090909
220.731627_105.999022,220.745227_106.005622,0.04453441295546559,0.2571022727272727
220.735042_106.017045,220.760392_106.019423,0.09311740890688258,0.27414772727272724
220.767483_106.046112,220.794876_106.02811,0.12550607287449395,0.28551136363636365
220.754702_106.031781,220.768722_106.039641,0.052631578947368425,0.2599431818181818
220.7246_106.021552,220.747044_106.00286,0.10121457489878542,0.27698863636363635
220.741772_106.006387,220.757344_106.007425,0.05668016194331984,0.2613636363636363
220.760205_106.024946,220.79252_106.024873,0.11336032388663968,0.3664772727272727
220.765815_106.023305,220.755711_106.036737,0.048582995951417005,0.34374999999999994
220.7613_106.025667,220.76615_106.01302,0.032388663967611336,0.022727272727272728
220.739095_106.01028,220.756409_106.027299,0.06882591093117409,0.37499999999999994
220.758544_106.015339,220.778534_106.045948,0.10931174089068826,0.3650568181818181
220.757742_106.016863,220.731703_106.006745,0.09716599190283401,0.3607954545454545
220.747326_106.006432,220.742911_105.996113,0.032388663967611336,0.3380681818181818
220.764018_106.007656,220.79582_106.033554,0.10121457489878542,0.27698863636363635
220.747588_106.019388,220.772258_106.020978,0.09311740890688258,0.27414772727272724
220.741974_106.003183,220.722422_105.997353,0.08502024291497977,0.2713068181818182
220.706468_105.993125,220.767201_106.009906,0.19433198380566802,0.3096590909090909
220.766581_106.03754,220.768025_106.036328,0.008097165991902834,0.31534090909090906
220.743973_105.996682,220.761747_106.009615,0.08097165991902834,0.3409090909090909
220.750751_106.013551,220.779181_106.044922,0.12145748987854252,0.35511363636363635
220.772695_106.037113,220.76309_106.032293,0.032388663967611336,0.32386363636363635
180.0_180.0,180.0_180.0,0.07692307692307693,0.3394886363636363
220.717398_106.00898,220.682028_106.020108,0.12955465587044535,0.3579545454545454
220.75605_106.02482,220.746068_106.043875,0.11740890688259109,0.35369318181818177
220.752025_106.026368,220.745183_106.02113,0.06477732793522267,0.3352272727272727
220.724505_106.012373,220.723393_106.00418,0.02834008097165992,0.32244318181818177
220.742899_106.017179,220.764821_106.022972,0.08502024291497977,0.34232954545454547
220.752461_106.009955,220.765793_106.036402,0.08502024291497977,0.34232954545454547
180.0_180.0,180.0_180.0,0.06882591093117409,0.3607954545454545
220.767547_106.017319,220.721788_106.002228,0.16194331983805668,0.36931818181818177
220.772705_106.041563,220.766598_106.032696,0.032388663967611336,0.3352272727272727
220.757988_106.024581,220.698109_106.007192,0.2631578947368421,0.4048295454545454
220.783922_106.025765,220.691936_106.033286,0.4331983805668016,0.46448863636363635
220.727373_106.004673,220.696386_106.00741,0.11336032388663968,0.35227272727272724
220.748552_106.03407,220.748552_106.03407,0.09716599190283401,0.34659090909090906
220.728468_105.994665,220.722068_106.003813,0.032388663967611336,0.32386363636363635
220.644582_106.21795,220.722543_106.150838,0.3400809716599191,0.43181818181818177
220.73984_106.009002,220.74645_105.996638,0.04453441295546559,0.34374999999999994
220.722044_106.003836,220.715079_105.994541,0.03643724696356276,0.3096590909090909
220.725088_105.992202,220.742756_105.999626,0.048582995951417005,0.3011363636363636
220.749362_106.024643,220.759288_106.038956,0.052631578947368425,0.3025568181818182
220.773855_106.129181,220.769458_106.014314,0.4251012145748988,0.5823863636363635
220.750277_106.014508,220.721614_106.107575,0.22672064777327935,0.36363636363636365
220.740649_106.018175,220.77779_106.052454,0.1417004048582996,0.3338068181818182
220.714521_105.991628,220.714154_106.007505,0.04048582995951417,0.29829545454545453
220.755275_106.029404,220.738965_105.999751,0.09716599190283401,0.3181818181818181
220.767897_106.032059,220.780506_106.052436,0.07692307692307693,0.3110795454545454
220.760225_106.026262,220.793968_106.035735,0.11740890688259109,0.4076704545454545
220.728838_105.999591,220.737083_105.994617,0.04453441295546559,0.31534090909090906
220.714469_106.03878,220.688709_106.048654,0.10121457489878542,0.3480113636363636
220.719809_106.005641,220.679322_106.027643,0.12955465587044535,0.3579545454545454
220.714372_105.98495,220.708996_105.98325,0.016194331983805668,0.3181818181818181
220.770652_106.037346,220.759445_106.040693,0.04453441295546559,0.34374999999999994
220.742078_106.02525,220.648033_106.032348,0.417004048582996,0.4588068181818181
220.730716_106.016994,220.75414_106.02767,0.08097165991902834,0.3409090909090909
220.704092_105.986805,220.794929_106.037515,0.3117408906882591,0.42187499999999994
220.737324_106.003353,220.780067_106.052707,0.19028340080971662,0.5127840909090909
220.730368_106.013685,220.739625_105.997869,0.04453441295546559,0.34374999999999994
220.732813_106.014023,220.724973_106.005318,0.032388663967611336,0.32386363636363635
220.73795_105.965314,220.737989_105.96537,0.0,0.3125
220.644948_106.212127,220.72866_106.012557,0.7327935222672065,0.5696022727272727
220.711807_105.992106,220.72138_106.002374,0.052631578947368425,0.3210227272727273
180.0_180.0,180.0_180.0,0.020242914979757085,0.29119318181818177
220.703761_105.990644,220.737569_105.990599,0.11336032388663968,0.32386363636363635
220.753467_106.02156,220.733253_106.00318,0.07287449392712551,0.3096590909090909
220.74224_105.995791,220.769887_106.048404,0.18218623481781376,0.3480113636363636
220.775658_106.035512,220.719415_106.009282,0.24291497975708504,0.36931818181818177
220.754937_106.012797,220.744467_106.02406,0.04453441295546559,0.29971590909090906
220.759232_106.009702,220.726742_106.0167,0.12550607287449395,0.328125
220.744442_106.014775,220.752763_106.020969,0.02834008097165992,0.2940340909090909
220.732793_105.996778,220.745866_106.044038,0.32793522267206476,0.39914772727272724
220.676879_106.016634,220.678776_106.002328,0.048582995951417005,0.3011363636363636
220.746808_106.015857,220.758013_106.032318,0.05668016194331984,0.32386363636363635
180.0_180.0,180.0_180.0,0.10526315789473685,0.3210227272727273
220.758602_106.031557,220.800817_106.041998,0.14574898785425103,0.3352272727272727
220.762121_106.022217,220.767604_106.015344,0.020242914979757085,0.29119318181818177
220.760776_106.038267,220.788409_106.053155,0.09716599190283401,0.3181818181818181
220.719662_106.007865,220.714144_106.051442,0.10526315789473685,0.3210227272727273
220.787611_106.051148,220.787611_106.051148,0.048582995951417005,0.3011363636363636
220.726552_105.998746,220.729643_106.012966,0.048582995951417005,0.3352272727272727
220.757482_106.031033,220.729384_105.996223,0.13360323886639675,0.33096590909090906
220.754315_106.000838,220.746402_106.047117,0.19028340080971662,0.3508522727272727
220.71421_105.984841,220.670881_106.045068,0.2874493927125506,0.3849431818181818
220.732379_106.012136,220.720701_106.037799,0.16599190283400808,0.34232954545454547
220.763688_106.024043,220.760262_106.038548,0.03643724696356276,0.29687499999999994
180.0_180.0,180.0_180.0,0.03643724696356276,0.29687499999999994
220.783916_106.020118,220.779617_106.048497,0.08097165991902834,0.3409090909090909
220.778954_106.018822,220.762934_106.010619,0.052631578947368425,0.31676136363636365
220.76189_106.013623,220.783245_106.021705,0.06477732793522267,0.3352272727272727
220.795522_106.036297,220.825915_106.060675,0.10121457489878542,0.3480113636363636
220.7658_106.019708,220.763884_106.037454,0.05668016194331984,0.3181818181818181
220.740857_106.002243,220.739004_106.016203,0.03643724696356276,0.3380681818181818
220.773887_106.015772,220.805222_106.045178,0.11740890688259109,0.3394886363636363
220.712559_105.995207,220.702141_105.985961,0.03643724696356276,0.3110795454545454
180.0_180.0,220.786139_106.022613,0.12145748987854252,0.3409090909090909
220.739771_105.993874,220.7526_106.007447,0.052631578947368425,0.31676136363636365
220.759335_106.011753,220.774899_106.011681,0.05668016194331984,0.3181818181818181
220.769216_106.136799,220.749577_106.059566,0.24696356275303644,0.37073863636363635
220.75047_106.005299,220.775727_106.0537,0.16599190283400808,0.34232954545454547
220.773869_106.035869,220.773635_106.05044,0.04048582995951417,0.29829545454545453
220.751078_106.005766,220.734305_106.010188,0.08097165991902834,0.3125
220.70464_105.992378,220.762568_106.027564,0.23886639676113364,0.36789772727272724
220.761205_106.028591,220.785369_106.046371,0.08502024291497977,0.31392045454545453
220.757144_106.015046,220.742748_106.003243,0.048582995951417005,0.3011363636363636
220.733178_105.999976,220.738278_106.005024,0.020242914979757085,0.29829545454545453
220.738021_106.007621,220.748028_105.99523,0.048582995951417005,0.3011363636363636
220.75315_106.026116,220.722363_106.056042,0.19838056680161945,0.35369318181818177
220.741498_106.007204,220.684834_106.02688,0.23481781376518218,0.44886363636363635
220.725978_105.991503,220.753411_106.019763,0.12550607287449395,0.3721590909090909
220.756828_106.032794,220.747375_106.023796,0.032388663967611336,0.3096590909090909
220.751531_106.022078,220.763273_106.021961,0.04048582995951417,0.29829545454545453
220.752582_106.014258,220.692057_106.034415,0.23886639676113364,0.36789772727272724
220.760725_106.028758,220.725091_106.007798,0.11740890688259109,0.3252840909090909
220.808684_106.037177,220.808172_106.047198,0.04453441295546559,0.29971590909090906
220.756131_106.013046,220.719851_106.012313,0.13360323886639675,0.33096590909090906
220.763814_106.032622,220.776947_106.040168,0.04453441295546559,0.29971590909090906
220.733473_105.993612,220.742587_106.021644,0.09311740890688258,0.31676136363636365
220.764977_106.031583,220.724468_105.990573,0.17004048582995954,0.34374999999999994
220.725541_106.005131,220.741681_106.005433,0.06072874493927126,0.02130681818181818
220.759631_106.023903,220.773399_106.04739,0.08906882591093118,0.03125
220.718016_106.013964,220.702439_106.112083,0.3684210526315789,0.44176136363636365
220.741896_106.017203,220.725397_106.015888,0.06072874493927126,0.3338068181818182
220.750428_106.008479,220.77054_106.008234,0.09716599190283401,0.34659090909090906
220.736857_106.002503,220.782557_106.052931,0.19028340080971662,0.3792613636363636
220.757992_106.022369,220.736689_106.019754,0.07692307692307693,0.3394886363636363
220.761222_106.02682,220.761075_106.001068,0.07692307692307693,0.3394886363636363
220.767613_106.032787,220.769248_106.015231,0.048582995951417005,0.34659090909090906
220.730062_105.99802,220.736853_106.008381,0.03643724696356276,0.3252840909090909
220.71483_105.983767,220.779656_106.050128,0.3400809716599191,0.43181818181818177
220.730343_105.997373,220.74952_105.995198,0.07287449392712551,0.26704545454545453
220.78629_106.020223,220.778405_106.022783,0.02834008097165992,0.2713068181818182
220.774117_106.125461,220.756629_106.015724,0.4898785425101215,0.4133522727272727
220.727803_106.015087,220.725726_106.01919,0.016194331983805668,0.24715909090909086
220.761489_106.011106,220.786359_106.021591,0.08906882591093118,0.3039772727272727
220.752456_106.021256,220.762906_106.032077,0.048582995951417005,0.25852272727272724
220.743389_106.077673,220.734212_106.12816,0.11740890688259109,0.2826704545454545
220.73082_105.9938,220.748354_106.023644,0.10931174089068826,0.2798295454545454
220.783115_106.02531,220.770939_106.016307,0.04048582995951417,0.2556818181818182
220.750716_106.007698,220.752701_106.020934,0.04453441295546559,0.2571022727272727
220.741403_106.014493,220.721018_105.991628,0.10121457489878542,0.27698863636363635
220.762845_106.01866,220.714965_105.990307,0.17408906882591094,0.359375
220.754398_106.034302,220.747938_105.99936,0.10931174089068826,0.33664772727272724
220.753793_106.033829,220.773402_106.048183,0.06477732793522267,0.3210227272727273
220.756141_106.016372,220.815742_106.039886,0.21862348178137653,0.37499999999999994
220.755853_106.029263,220.745033_106.027625,0.048582995951417005,0.31534090909090906
220.733458_106.012924,220.745904_106.021944,0.03643724696356276,0.3110795454545454
220.758017_106.028548,220.761015_106.001197,0.07287449392712551,0.32386363636363635
220.753871_106.006529,220.811041_106.040734,0.19028340080971662,0.3792613636363636
220.709849_105.990426,220.74959_106.114262,0.38056680161943324,0.44602272727272724
220.761357_106.016254,220.758274_106.03385,0.048582995951417005,0.32954545454545453
220.711094_106.049949,220.674153_106.017378,0.2145748987854251,0.6136363636363636
220.756164_106.009585,220.789614_106.028487,0.11740890688259109,0.35369318181818177
220.73958_105.993515,220.667075_106.018476,0.24696356275303644,0.5724431818181818
220.734981_105.992923,220.8047_106.044799,0.16194331983805668,0.36931818181818177
220.755698_106.080415,220.743724_106.078402,0.04048582995951417,0.3267045454545454
220.758668_106.032555,220.773028_106.047987,0.06072874493927126,0.3338068181818182
220.725953_106.013351,220.711148_106.032508,0.11336032388663968,0.35227272727272724
220.774136_106.12695,220.793807_106.025607,0.3603238866396761,0.4389204545454545
220.756533_106.032543,220.77161_106.042646,0.06477732793522267,0.3352272727272727
220.772937_106.018153,220.761176_106.04937,0.19838056680161945,0.38210227272727265
220.755298_106.026445,220.775256_106.054401,0.10931174089068826,0.3508522727272727
220.798589_106.030784,220.766066_106.085023,0.2793522267206478,0.4105113636363636
220.726742_106.0139,220.799263_106.029105,0.2793522267206478,0.4105113636363636
220.770088_106.135492,220.759679_106.042075,0.39271255060728744,0.4502840909090909
220.762495_106.011399,220.745939_105.998161,0.052631578947368425,0.33096590909090906
220.760605_106.013989,220.816206_106.061981,0.22672064777327935,0.39204545454545453
220.801546_106.031528,220.812996_106.05462,0.08097165991902834,0.3409090909090909
220.775589_106.017526,220.7327_106.020186,0.17004048582995954,0.3721590909090909
220.749124_106.007853,220.722148_105.989287,0.09716599190283401,0.34659090909090906
220.765502_106.029718,220.860929_106.072355,0.3724696356275303,0.4431818181818181
220.732111_106.009821,220.740024_106.001771,0.032388663967611336,0.32386363636363635
220.757451_106.011125,220.776659_106.01476,0.06882591093117409,0.33664772727272724
220.759703_106.024032,220.795778_106.025758,0.13765182186234817,0.3607954545454545
220.748825_106.007727,220.726351_106.000751,0.07287449392712551,0.3380681818181818
220.748521_106.010883,220.766346_106.047563,0.12145748987854252,0.3977272727272727
220.770643_106.135544,220.750345_106.020573,0.46153846153846156,0.6363636363636362
220.775642_106.018244,220.803268_106.043802,0.10931174089068826,0.2798295454545454
220.784964_106.020981,220.799651_106.029974,0.048582995951417005,0.25852272727272724
220.761147_106.032292,220.784533_106.028036,0.10121457489878542,0.27698863636363635
220.767898_106.0141,220.757122_106.021231,0.048582995951417005,0.25852272727272724
220.751299_105.992991,220.744836_106.027267,0.09311740890688258,0.3068181818181818
220.702173_105.987083,220.716593_105.98346,0.05668016194331984,0.2613636363636363
220.774867_106.051258,220.786866_106.04754,0.048582995951417005,0.25852272727272724
220.726812_106.000614,220.733611_105.997627,0.02834008097165992,0.2613636363636363
220.741611_106.006324,220.736913_105.994445,0.04453441295546559,0.2571022727272727
220.749232_106.022177,220.742952_106.020447,0.020242914979757085,0.24857954545454544
220.790794_106.046425,220.760469_106.023834,0.10121457489878542,0.27698863636363635
220.738669_106.022842,220.725735_106.003184,0.08097165991902834,0.2698863636363636
220.774025_106.015352,220.773643_106.050184,0.09716599190283401,0.41477272727272724
220.760395_106.015553,220.750327_106.013223,0.048582995951417005,0.32954545454545453
220.754921_106.01802,220.77807_106.039184,0.09716599190283401,0.3806818181818182
220.748962_106.01787,220.740495_106.018771,0.04048582995951417,0.3267045454545454
220.785348_106.042158,220.735747_105.993479,0.23886639676113364,0.40909090909090906
220.747623_105.995993,220.732678_106.01214,0.06882591093117409,0.26562499999999994
220.762287_106.031845,220.781223_106.020112,0.08502024291497977,0.2713068181818182
220.756121_106.021158,220.750247_106.008323,0.03643724696356276,0.2542613636363636
220.739932_105.997626,220.747383_106.002973,0.024291497975708502,0.25852272727272724
220.782608_106.042383,220.77446_106.036173,0.032388663967611336,0.26420454545454547
220.784233_106.026188,220.750335_106.008479,0.10931174089068826,0.3181818181818181
220.769464_106.137049,220.704124_105.987439,0.46153846153846156,0.565340909090909
220.765761_106.038804,220.77335_106.01878,0.048582995951417005,0.27556818181818177
220.69091_106.005972,220.645438_106.223697,0.5587044534412956,0.6335227272727273
220.782633_106.044789,220.769672_106.03346,0.052631578947368425,0.2599431818181818
220.744822_106.016815,220.760024_106.027219,0.048582995951417005,0.2443181818181818
220.73496_106.005583,220.730407_106.015476,0.024291497975708502,0.23579545454545456
220.747693_106.022797,220.780335_106.052568,0.13360323886639675,0.27414772727272724
220.74132_106.014167,220.74873_106.008812,0.032388663967611336,0.23863636363636362
220.740608_106.001811,220.710236_106.036889,0.15789473684210525,0.29687499999999994
220.751936_106.029184,220.747792_106.010985,0.06072874493927126,0.2627840909090909
220.721029_105.996039,220.752399_106.021577,0.11740890688259109,0.2826704545454545
220.743609_106.01718,220.733136_106.020435,0.048582995951417005,0.25852272727272724
220.757148_106.026034,220.719195_106.0,0.12550607287449395,0.28551136363636365
220.740264_105.994119,220.715801_106.037945,0.18623481781376516,0.3068181818181818
220.74865_106.008087,220.725243_106.012744,0.08906882591093118,0.2727272727272727
220.774228_106.037065,220.758203_106.0228,0.06072874493927126,0.19176136363636362
220.774292_106.042638,220.783148_106.049157,0.024291497975708502,0.25
220.761068_106.037246,220.730907_106.009634,0.11336032388663968,0.40056818181818177
220.753323_106.003932,220.807905_106.036053,0.17408906882591094,0.3025568181818182
220.774222_106.036053,220.766065_106.048518,0.048582995951417005,0.25852272727272724
220.741608_106.014418,220.752243_106.008328,0.04048582995951417,0.2414772727272727
220.723958_106.003656,220.748107_106.018636,0.07692307692307693,0.28125
220.772314_106.017893,220.776645_106.02281,0.024291497975708502,0.23579545454545456
220.753851_106.014701,220.742937_106.012593,0.052631578947368425,0.24573863636363635
220.77376_106.128966,220.761814_106.028699,0.4129554655870445,0.3721590909090909
220.742177_105.999528,220.711056_105.992929,0.10121457489878542,0.2627840909090909
220.754759_106.020134,220.748936_106.008187,0.03643724696356276,0.24005681818181815
220.772337_106.047568,220.774638_106.018972,0.08502024291497977,0.2571022727272727
220.751271_106.059674,220.75497_106.024441,0.10121457489878542,0.2627840909090909
220.714961_105.997709,220.738775_106.012162,0.07287449392712551,0.25284090909090906
220.750521_106.02508,220.769414_106.036927,0.06072874493927126,0.24857954545454544
220.622356_106.02435,220.621327_106.024564,0.004048582995951417,0.22869318181818182
220.718526_106.012256,220.702941_106.009276,0.10121457489878542,0.2627840909090909
220.741014_106.005898,220.741679_105.996469,0.032388663967611336,0.23863636363636362
220.73596_106.010475,220.726475_106.01349,0.03643724696356276,0.2542613636363636
220.752416_106.019961,220.761133_106.025214,0.02834008097165992,0.23721590909090906
220.72746_105.99272,220.757749_106.013246,0.10121457489878542,0.18465909090909088
220.736483_105.998729,220.726732_106.010856,0.04453441295546559,0.27414772727272724
220.72308_106.000881,220.738638_106.012323,0.05668016194331984,0.2613636363636363
220.743857_106.004618,220.742231_106.013039,0.03643724696356276,0.24005681818181815
220.740565_106.001686,220.730569_105.995464,0.032388663967611336,0.25284090909090906
220.728429_106.017983,220.735614_105.994923,0.06072874493927126,0.24857954545454544
220.720001_106.00287,220.737492_106.007878,0.05668016194331984,0.24715909090909086
220.793469_106.027214,220.775807_106.017715,0.052631578947368425,0.2826704545454545
220.751787_106.006284,220.798736_106.038322,0.17408906882591094,0.3735795454545454
220.738342_106.012195,220.751705_106.023907,0.052631578947368425,0.3494318181818182
220.746792_106.006973,220.735217_106.008118,0.04453441295546559,0.31392045454545453
220.734895_106.001133,220.744269_106.007952,0.032388663967611336,0.32386363636363635
220.726074_106.010404,220.669735_106.027317,0.17408906882591094,0.4204545454545454
220.715783_105.992705,220.770913_106.036292,0.19433198380566802,0.4346590909090909
220.746342_106.015777,220.755683_106.017557,0.03643724696356276,0.3110795454545454
220.784303_106.026116,220.773626_106.018263,0.032388663967611336,0.3096590909090909
220.765577_106.036371,220.779537_106.052276,0.06072874493927126,0.3338068181818182
220.756793_106.032753,220.705774_105.990241,0.24696356275303644,0.4715909090909091
220.751411_106.026139,220.766898_106.045833,0.07287449392712551,0.2954545454545454
220.753424_106.007579,220.772884_106.017592,0.07692307692307693,0.2826704545454545
220.767408_106.043325,180.0_180.0,0.07692307692307693,0.2826704545454545
220.745923_106.020159,220.733826_106.016208,0.04048582995951417,0.28409090909090906
220.71145_105.99206,220.736666_106.015957,0.16599190283400808,0.328125
220.807995_106.054766,220.81181_106.061731,0.02834008097165992,0.2798295454545454
220.770136_106.049436,220.770138_106.04946,0.0,0.2698863636363636
220.725453_106.002685,220.723604_106.016529,0.016194331983805668,0.27556818181818177
220.724847_106.004526,220.747239_106.023105,0.07692307692307693,0.29687499999999994
220.780545_106.040862,220.762974_106.039457,0.06477732793522267,0.31534090909090906
220.789937_106.024651,220.804599_106.033776,0.048582995951417005,0.2869318181818181
220.762293_106.031903,220.769133_106.045034,0.04453441295546559,0.28551136363636365
220.706949_105.994716,220.741154_106.01829,0.15789473684210525,0.3252840909090909
220.759098_106.022112,220.736879_106.011301,0.07692307692307693,0.35227272727272724
220.746515_106.019646,220.747327_106.027773,0.032388663967611336,0.3096590909090909
220.739941_105.99471,220.721415_106.004309,0.06477732793522267,0.3210227272727273
220.717667_106.000783,220.749095_106.019921,0.09716599190283401,0.40056818181818177
220.746883_106.016052,220.754042_106.02208,0.020242914979757085,0.30539772727272724
220.726293_106.010486,220.675481_106.017803,0.16194331983805668,0.35511363636363635
220.757202_106.018178,220.744312_106.011226,0.048582995951417005,0.31534090909090906
220.749437_106.023261,220.721112_106.012104,0.09716599190283401,0.3323863636363636
220.732547_106.012346,220.758802_106.008227,0.10526315789473685,0.3352272727272727
220.735193_106.010289,220.71926_106.038454,0.17004048582995954,0.3579545454545454
220.773704_106.016376,220.771653_106.043335,0.07692307692307693,0.35227272727272724
220.760854_106.009421,220.71707_105.997317,0.14574898785425103,0.3494318181818182
220.783281_106.021444,220.758811_106.036027,0.10121457489878542,0.3338068181818182
220.767431_106.04055,220.764261_106.038645,0.12550607287449395,0.34232954545454547
220.70686_105.992641,220.721622_106.003989,0.07287449392712551,0.32386363636363635
220.644675_106.217823,220.718563_106.040815,0.6518218623481782,0.7556818181818181
220.7425_106.019568,220.76862_106.012572,0.10121457489878542,0.3480113636363636
220.746552_105.995051,220.736758_106.009297,0.048582995951417005,0.32954545454545453
220.753103_106.030286,220.732359_106.012848,0.07287449392712551,0.32386363636363635
220.773245_106.03342,220.754722_106.020068,0.05668016194331984,0.3181818181818181
220.750858_106.005524,220.790496_106.024567,0.12550607287449395,0.34232954545454547
220.74968_106.024593,220.728512_106.018202,0.08502024291497977,0.3579545454545454
220.75582_106.016268,220.787142_106.028231,0.10931174089068826,0.33664772727272724
220.747055_106.014413,220.740877_105.992835,0.06882591093117409,0.32244318181818177
220.740387_106.005353,220.69388_106.006167,0.17408906882591094,0.4204545454545454
220.714553_105.984999,220.752138_106.014554,0.17004048582995954,0.3721590909090909
220.705318_105.991555,220.738971_106.012735,0.17004048582995954,0.3579545454545454
220.742722_105.999425,220.786178_106.027052,0.14574898785425103,0.3494318181818182
220.778333_106.016631,220.784679_106.01856,0.020242914979757085,0.3196022727272727
220.764295_106.029016,220.7153_105.983988,0.32793522267206476,0.5284090909090909
220.753689_106.025636,220.747296_106.019102,0.024291497975708502,0.3210227272727273
220.706047_105.992577,220.793172_106.034161,0.38056680161943324,0.43181818181818177
220.757898_106.02694,220.758277_106.010655,0.04453441295546559,0.328125
220.737958_106.010526,220.771823_106.042595,0.13765182186234817,0.3607954545454545
220.722172_106.0029,220.762483_106.027289,0.12955465587044535,0.34374999999999994
220.716459_105.987382,220.70346_105.989716,0.052631578947368425,0.33096590909090906
220.751203_106.025607,220.851238_106.060628,0.3441295546558705,0.4190340909090909
220.736547_106.011148,220.741988_106.019355,0.02834008097165992,0.30823863636363635
220.742659_105.995886,220.709879_105.985227,0.10931174089068826,0.3892045454545454
220.744929_106.012669,220.756345_106.009914,0.06072874493927126,0.35511363636363635
220.756345_106.009203,220.74416_106.01596,0.05668016194331984,0.3096590909090909
220.747327_106.019025,220.768915_106.047462,0.10526315789473685,0.3068181818181818
220.774139_106.018793,220.774139_106.018793,0.19838056680161945,0.35369318181818177
220.73117_106.008129,220.676186_106.049022,0.22267206477732795,0.36221590909090906
220.750786_106.017962,220.765061_106.068762,0.012145748987854251,0.2883522727272727
220.75482_106.02609,220.744447_106.01898,0.032388663967611336,0.2954545454545454
220.740736_106.012659,220.719033_105.993219,0.09716599190283401,0.3181818181818181
220.740152_105.995113,220.819364_106.044553,0.2631578947368421,0.37642045454545453
220.775667_106.043762,220.748388_106.027143,0.08906882591093118,0.31534090909090906
220.764508_106.012678,220.756383_106.002647,0.048582995951417005,0.3181818181818181
220.743352_106.019985,220.721179_106.012799,0.08906882591093118,0.31534090909090906
220.741492_106.014076,220.73337_106.012721,0.032388663967611336,0.2954545454545454
220.739765_106.004757,220.763078_106.027746,0.09311740890688258,0.31676136363636365
220.745418_105.99785,220.732556_106.002949,0.048582995951417005,0.3011363636363636
220.766005_106.044922,220.795098_106.067788,0.10931174089068826,0.32244318181818177
220.755254_106.008985,220.676948_106.030628,0.27125506072874495,0.3792613636363636
220.744011_106.016261,220.72684_106.005325,0.06477732793522267,0.3068181818181818
220.736627_106.007499,220.745874_106.005145,0.03643724696356276,0.29687499999999994
220.753007_106.02702,220.62198_106.053655,0.5668016194331984,0.4829545454545454
220.645574_106.219817,220.761309_106.020103,0.728744939271255,0.4971590909090909
220.769672_106.03978,220.767478_106.045258,0.012145748987854251,0.25
220.790355_106.025039,220.722267_105.989605,0.23076923076923078,0.32244318181818177
220.7513_106.021857,220.790795_106.023743,0.1417004048582996,0.29119318181818177
220.769073_106.137031,220.7516_105.996114,0.4251012145748988,0.39062499999999994
220.710325_105.991181,220.733578_106.013217,0.09716599190283401,0.27556818181818177
220.759398_106.030662,220.749913_106.00485,0.08502024291497977,0.2713068181818182
220.767628_106.033913,220.768265_106.036147,0.06882591093117409,0.28977272727272724
220.737707_106.012647,220.730071_106.002009,0.04453441295546559,0.2571022727272727
220.761794_106.017129,220.750395_106.008729,0.03643724696356276,0.2542613636363636
220.777603_106.021394,220.765009_106.021366,0.052631578947368425,0.2784090909090909
220.755647_106.007267,220.770222_106.03346,0.09311740890688258,0.27414772727272724
220.779446_106.055506,220.778117_106.045733,0.02834008097165992,0.25142045454545453
220.724774_105.992151,220.77276_106.054249,0.24291497975708504,0.3267045454545454
220.768754_106.014672,220.805917_106.034238,0.12955465587044535,0.3323863636363636
220.724729_106.004332,220.721253_106.018407,0.04453441295546559,0.2571022727272727
