"vendor_id","pickup_datetime","dropoff_datetime","passenger_count","trip_distance","pickup_longitude","pickup_latitude","rate_code","store_and_fwd_flag","dropoff_longitude","dropoff_latitude","payment_type","fare_amount","surcharge","mta_tax","tip_amount","tolls_amount","total_amount"
"CMT","2014-01-09 20:45:25","2014-01-09 20:52:31",1,"0,7","-73,99477","40,736828",1,"N","-73,982227","40,73179","CRD","6,5","0,5","0,5","1,4",0,"8,9"
"CMT","2014-01-09 20:46:12","2014-01-09 20:55:12",1,"1,4","-73,982392","40,773382",1,"N","-73,960449","40,763995","CRD","8,5","0,5","0,5","1,9",0,"11,4"
"CMT","2014-01-09 20:44:47","2014-01-09 20:59:46",2,"2,3","-73,98857","40,739406",1,"N","-73,986626","40,765217","CRD","11,5","0,5","0,5","1,5",0,14
"CMT","2014-01-09 20:44:57","2014-01-09 20:51:40",1,"1,7","-73,960213","40,770464",1,"N","-73,979863","40,77705","CRD","7,5","0,5","0,5","1,7",0,"10,2"
"CMT","2014-01-09 20:47:09","2014-01-09 20:53:32",1,"0,9","-73,995371","40,717248",1,"N","-73,984367","40,720524","CRD",6,"0,5","0,5","1,75",0,"8,75"
"CMT","2014-01-09 20:45:07","2014-01-09 20:51:01",1,"0,9","-73,983811","40,749655",1,"N","-73,989747","40,756575","CRD",6,"0,5","0,5","1,4",0,"8,4"
"CMT","2014-01-09 20:44:04","2014-01-09 21:05:45",1,"3,6","-73,984138","40,726317",1,"N","-73,962869","40,758443","CRD","16,5","0,5","0,5","5,25",0,"22,75"
"CMT","2014-01-09 20:43:23","2014-01-09 20:52:07",1,"2,1","-73,979906","40,74585",1,"N","-73,95909","40,773639","CRD",9,"0,5","0,5",2,0,12
"CMT","2014-01-09 20:43:04","2014-01-09 20:54:29",1,"3,4","-73,981147","40,758918",1,"N","-73,94251","40,785975","CRD",12,"0,5","0,5","2,6",0,"15,6"
"CMT","2014-01-09 20:50:23","2014-01-09 20:58:10",1,"2,3","-73,955193","40,765468",1,"N","-73,979023","40,740578","CRD",9,"0,5","0,5",1,0,11
"CMT","2014-01-09 20:51:36","2014-01-09 21:15:07",1,"9,5","-73,885275","40,773048",1,"N","-73,980879","40,777384","CRD","28,5","0,5","0,5","6,96","5,33","41,79"
"CMT","2014-01-09 20:48:04","2014-01-09 21:01:37",1,"3,3","-73,991782","40,748911",1,"N","-73,988359","40,714205","CRD","12,5","0,5","0,5","4,05",0,"17,55"
"CMT","2014-01-09 20:47:49","2014-01-09 20:56:11",2,"1,8","-73,965717","40,758675",1,"N","-73,984059","40,737448","CRD","8,5","0,5","0,5","1,9",0,"11,4"
"CMT","2014-01-09 20:48:47","2014-01-09 20:56:52",2,"1,4","-73,977009","40,75162",1,"N","-73,982643","40,766574","CRD","7,5","0,5","0,5","1,7",0,"10,2"
"CMT","2014-01-09 20:47:51","2014-01-09 21:02:31",3,"2,6","-73,977656","40,75368",1,"N","-73,952249","40,777676","CRD","12,5","0,5","0,5",1,0,"14,5"
"CMT","2014-01-09 20:49:49","2014-01-09 21:20:38",1,"11,2","-73,788266","40,647542",1,"N","-73,949225","40,6527","CRD","35,5","0,5","0,5",0,0,"36,5"
"CMT","2014-01-09 16:51:35","2014-01-09 17:00:17",1,"1,7","-74,007503","40,725992",1,"N","-73,988182","40,734583","CRD","8,5",1,"0,5",2,0,12
"CMT","2014-01-09 16:43:29","2014-01-09 16:59:15",1,"4,7","-74,014866","40,709353",1,"N","-73,986084","40,759081","CRD",16,1,"0,5",4,0,"21,5"
"CMT","2014-01-09 16:46:50","2014-01-09 16:56:41",1,"1,6","-73,967675","40,763109",1,"N","-73,952591","40,778186","CRD",9,1,"0,5","2,1",0,"12,6"
"CMT","2014-01-09 16:47:00","2014-01-09 17:37:58",1,"17,9","-73,781731","40,644729",2,"N","-73,978604","40,761822","CRD",52,0,"0,5","11,56","5,33","69,39"
"CMT","2014-01-09 16:51:14","2014-01-09 16:51:34",1,0,"-73,790555","40,643935",2,"N","-73,790555","40,643931","CRD",52,0,"0,5","14,45","5,33","72,28"
"CMT","2014-01-09 16:42:16","2014-01-09 16:58:42",1,"2,1","-73,98881","40,751013",1,"Y","-73,996002","40,726658","CRD","12,5",1,"0,5","3,5",0,"17,5"
"CMT","2014-01-09 16:42:05","2014-01-09 17:30:27",1,"14,3","-74,013685","40,709329",1,"N","-73,88567","40,773195","CRD","45,5",1,"0,5",4,"5,33","56,33"
"CMT","2014-01-09 16:43:37","2014-01-09 16:56:23",1,"1,6","-73,970117","40,752862",1,"N","-73,954138","40,764081","CRD",10,1,"0,5",1,0,"12,5"
"CMT","2014-01-09 16:46:36","2014-01-09 16:52:44",1,"1,3","-73,991542","40,738918",1,"N","-73,994747","40,724134","CRD","6,5",1,"0,5",2,0,10
"CMT","2014-01-09 16:49:16","2014-01-09 17:01:00",1,"1,3","-73,960639","40,768772",1,"N","-73,976677","40,76534","CRD",9,1,"0,5","2,1",0,"12,6"
"CMT","2014-01-09 16:48:12","2014-01-09 16:52:09",3,"0,8","-73,979729","40,781711",1,"Y","-73,976644","40,790889","CRD",5,1,"0,5","0,75",0,"7,25"
"CMT","2014-01-09 16:44:22","2014-01-09 16:47:59",1,"0,6","-73,975379","40,761056",1,"N","-73,979162","40,753875","CRD","4,5",1,"0,5","1,2",0,"7,2"
"CMT","2014-01-09 16:50:42","2014-01-09 17:10:17",1,"3,8","-73,946211","40,772991",1,"N","-73,994019","40,750252","CRD","15,5",1,"0,5","3,4",0,"20,4"
"CMT","2014-01-09 16:48:14","2014-01-09 16:57:56",1,"1,8","-73,992154","40,731084",1,"N","-73,975377","40,750451","CRD",9,1,"0,5","3,15",0,"13,65"
"CMT","2014-01-09 16:48:35","2014-01-09 16:55:40",1,"1,2","-73,990262","40,729051",1,"N","-73,995738","40,741028","CRD","6,5",1,"0,5","1,6",0,"9,6"
"CMT","2014-01-09 16:48:42","2014-01-09 17:13:00",1,"2,3","-73,989092","40,736672",1,"N","-73,985742","40,762699","CRD",16,1,"0,5",1,0,"18,5"
"CMT","2014-01-09 16:45:21","2014-01-09 16:49:01",2,"0,6","-73,977261","40,743052",1,"N","-73,985396","40,739823","CRD","4,5",1,"0,5",1,0,7
"CMT","2014-01-09 16:48:27","2014-01-09 17:11:35",1,"4,3","-74,012385","40,706736",1,"N","-73,951963","40,711761","CRD",18,1,"0,5","1,5",0,21
"CMT","2014-01-09 16:49:33","2014-01-09 17:09:07",1,"2,6","-73,979545","40,735458",1,"N","-73,971492","40,765339","CRD",14,1,"0,5","1,5",0,17
"CMT","2014-01-09 16:46:38","2014-01-09 16:57:00",1,"2,6","-73,95214","40,824428",1,"N","-73,968302","40,791962","CRD","10,5",1,"0,5","2,4",0,"14,4"
"CMT","2014-01-09 16:44:07","2014-01-09 17:04:22",1,"8,3","-73,865552","40,77048",1,"N","-73,958182","40,800848","CRD",25,1,"0,5",4,"5,33","35,83"
"CMT","2014-01-09 16:48:37","2014-01-09 16:54:16",1,"1,9","-73,934146","40,801944",1,"N","-73,952592","40,779056","CRD","7,5",1,"0,5","1,8",0,"10,8"
"CMT","2014-01-09 16:45:41","2014-01-09 17:38:15",1,"16,7","-73,989497","40,740451",2,"N","-73,783606","40,643683","CRD",52,0,"0,5","5,55","5,33","63,38"
"CMT","2014-01-09 16:45:35","2014-01-09 17:27:44",1,"7,7","-73,968986","40,765664",1,"N","-73,995642","40,697605","CRD","30,5",1,"0,5","6,4",0,"38,4"
"CMT","2014-01-09 16:50:33","2014-01-09 17:26:56",3,"3,1","-73,940397","40,751305",1,"N","-73,964459","40,764384","CRD","21,5",1,"0,5",2,0,25
"CMT","2014-01-09 21:49:26","2014-01-09 21:55:20",1,"1,4","-74,002429","40,734449",1,"N","-73,986076","40,74022","CRD","6,5","0,5","0,5","1,5",0,9
"CMT","2014-01-09 21:47:04","2014-01-09 21:50:38",1,"0,9","-73,960472","40,770138",1,"N","-73,955057","40,781749","CRD",5,"0,5","0,5","1,2",0,"7,2"
"CMT","2014-01-09 21:49:36","2014-01-09 21:57:14",1,"1,7","-73,980816","40,764349",1,"N","-73,991231","40,750719","CRD",8,"0,5","0,5","1,8",0,"10,8"
"CMT","2014-01-09 21:51:25","2014-01-09 22:10:02",1,7,"-74,00346","40,748904",1,"N","-73,996721","40,663365","CRD","21,5","0,5","0,5","5,56","5,33","33,39"
"CMT","2014-01-09 21:48:04","2014-01-09 21:55:46",1,"1,5","-73,979416","40,766493",1,"N","-73,998294","40,756863","CRD","7,5","0,5","0,5",1,0,"9,5"
"CMT","2014-01-09 21:49:31","2014-01-09 21:51:59",1,"0,5","-73,98953","40,734316",1,"N","-73,983347","40,734478","CRD",4,"0,5","0,5",1,0,6
"CMT","2014-01-09 21:51:48","2014-01-09 21:55:08",1,"0,6","-73,97041","40,7595",1,"N","-73,974723","40,755365","CRD","4,5","0,5","0,5","1,1",0,"6,6"
"CMT","2014-01-09 21:44:59","2014-01-09 22:04:38",1,5,"-73,982765","40,743564",1,"Y","-73,954252","40,803059","CRD",19,"0,5","0,5",4,0,24
"CMT","2014-01-09 21:45:30","2014-01-09 22:16:49",1,"8,7","-73,863008","40,769185",1,"N","-73,987709","40,770281","CRD","29,5","0,5","0,5",5,0,"35,5"
"CMT","2014-01-09 21:53:53","2014-01-09 22:00:45",1,"1,5","-73,991134","40,739729",1,"N","-74,001103","40,721733","CRD",7,"0,5","0,5","1,6",0,"9,6"
"CMT","2014-01-09 21:54:09","2014-01-09 22:04:06",2,"1,8","-74,002665","40,751134",1,"N","-74,002665","40,751134","CRD",9,"0,5","0,5","2,5",0,"12,5"
"CMT","2014-01-09 21:51:23","2014-01-09 22:25:38",1,"9,7","-73,976288","40,75459",5,"Y","-74,057928","40,742812","CRD",61,0,0,0,9,70
"CMT","2014-01-09 21:52:51","2014-01-09 22:00:31",1,"2,6","-74,00271","40,733161",1,"N","-74,00271","40,733161","CRD",10,"0,5","0,5","2,2",0,"13,2"
"CMT","2014-01-09 21:56:27","2014-01-09 22:03:59",1,"1,3","-73,988034","40,718685",1,"N","-74,005591","40,717862","CRD","7,5","0,5","0,5","1,08",0,"9,58"
"CMT","2014-01-09 21:53:26","2014-01-09 22:10:11",1,"4,1","-73,991585","40,735312",1,"N","-73,958097","40,717483","CRD","15,5","0,5","0,5",2,0,"18,5"
"CMT","2014-01-09 21:50:20","2014-01-09 22:09:37",1,"2,3","-73,975836","40,749046",1,"N","-73,971989","40,755998","CRD","13,5","0,5","0,5","2,9",0,"17,4"
"CMT","2014-01-09 21:51:16","2014-01-09 22:03:26",1,"2,5","-73,990112","40,719047",1,"N","-73,993257","40,746528","CRD",11,"0,5","0,5",1,0,13
"CMT","2014-01-09 21:44:48","2014-01-09 22:13:47",1,"13,4","-74,012713","40,702469",1,"N","-73,860029","40,720961","CRD",38,"0,5","0,5",6,"5,33","50,33"
"CMT","2014-01-09 21:47:23","2014-01-09 22:05:41",1,"3,5","-73,967805","40,760859",1,"N","-74,004705","40,738316","CRD","14,5","0,5","0,5","3,87",0,"19,37"
"CMT","2014-01-09 21:44:53","2014-01-09 22:08:45",1,"5,6","-74,008321","40,729776",1,"N","-73,954037","40,78434","CRD",20,"0,5","0,5","5,25",0,"26,25"
"CMT","2014-01-09 21:48:11","2014-01-09 21:57:40",1,"1,3","-73,969053","40,761099",1,"N","-73,988729","40,762424","CRD",8,"0,5","0,5",1,0,10
"CMT","2014-01-09 21:49:35","2014-01-09 22:02:19",1,"4,1","-74,002496","40,750189",1,"N","-73,955914","40,773862","CRD","13,5","0,5","0,5","2,9",0,"17,4"
"CMT","2014-01-09 21:48:44","2014-01-09 22:00:51",1,"3,2","-73,98556","40,731588",1,"N","-73,984357","40,691515","CRD","12,5","0,5","0,5","2,7",0,"16,2"
"CMT","2014-01-09 21:48:46","2014-01-09 21:54:13",2,"0,9","-73,988887","40,736913",1,"N","-73,989966","40,747071","CRD",6,"0,5","0,5","1,4",0,"8,4"
"CMT","2014-01-09 21:48:01","2014-01-09 21:59:00",2,"2,4","-73,978422","40,736845",1,"N","-73,981282","40,762655","CRD","10,5","0,5","0,5","2,3",0,"13,8"
"CMT","2014-01-09 21:52:28","2014-01-09 22:10:03",1,"4,2","-74,005286","40,742399",1,"N","-73,960113","40,77047","CRD",16,"0,5","0,5","3,4",0,"20,4"
"CMT","2014-01-09 21:48:43","2014-01-09 21:48:55",1,0,"-73,990763","40,72059",2,"N","-73,99076","40,720599","CRD",52,0,"0,5","10,5",0,63
"CMT","2014-01-09 21:51:14","2014-01-09 21:55:03",1,"0,5","-73,992395","40,725088",1,"N","-73,988531","40,719918","CRD","4,5","0,5","0,5",1,0,"6,5"
"CMT","2014-01-09 21:55:52","2014-01-09 22:03:10",2,"1,4","-73,982317","40,77167",1,"N","-73,967675","40,758208","CRD",7,"0,5","0,5","1,6",0,"9,6"
"CMT","2014-01-09 21:47:06","2014-01-09 22:11:06",1,"10,7","-73,976687","40,75506",1,"N","-73,976305","40,657355","CRD","31,5","0,5","0,5",5,0,"37,5"
"CMT","2014-01-09 21:56:31","2014-01-09 22:14:33",1,"3,8","-73,952195","40,781405",1,"N","-73,986074","40,734866","CRD",15,"0,5","0,5",2,0,18
"CMT","2014-01-09 21:50:48","2014-01-09 22:18:05",1,"5,3","-73,980411","40,753945",1,"N","-73,99174","40,691309","CRD",21,"0,5","0,5","4,4",0,"26,4"
"CMT","2014-01-09 21:53:56","2014-01-09 22:02:22",2,"2,9","-74,007857","40,742873",1,"N","-73,985281","40,778812","CRD","10,5","0,5","0,5","2,3",0,"13,8"
"CMT","2014-01-09 21:56:40","2014-01-09 22:08:58",1,"5,3","-73,947182","40,776074",1,"N","-73,986671","40,720916","CRD",17,"0,5","0,5","3,6",0,"21,6"
"CMT","2014-01-09 21:54:03","2014-01-09 22:04:22",2,"2,9","-73,987789","40,760103",1,"N","-73,955655","40,779628","CRD","10,5","0,5","0,5","2,3",0,"13,8"
"CMT","2014-01-09 21:57:26","2014-01-09 22:06:33",1,"1,9","-73,967751","40,756128",1,"N","-73,987746","40,737628","CRD",9,"0,5","0,5",2,0,12
"CMT","2014-01-09 21:55:21","2014-01-09 22:03:50",1,"1,5","-73,986922","40,733265",1,"N","-74,005673","40,745606","CRD",8,"0,5","0,5","1,8",0,"10,8"
"CMT","2014-01-09 21:52:52","2014-01-09 22:11:41",2,"4,7","-73,992304","40,729064",1,"N","-73,981425","40,782717","CRD",17,"0,5","0,5",3,0,21
"CMT","2014-01-09 21:54:18","2014-01-09 22:04:39",2,"2,6","-73,981957","40,771245",1,"N","-73,952921","40,786689","CRD","10,5","0,5","0,5","3,45",0,"14,95"
"CMT","2014-01-09 21:57:19","2014-01-09 22:03:42",1,"1,6","-74,000168","40,73302",1,"N","-73,979069","40,737233","CRD",7,"0,5","0,5","1,6",0,"9,6"
"CMT","2014-01-09 21:56:07","2014-01-09 22:11:03",1,"3,7","-73,99047","40,734853",1,"N","-73,957877","40,714143","CRD","14,5","0,5","0,5","3,1",0,"18,6"
"CMT","2014-01-09 20:07:02","2014-01-09 20:21:27",1,"3,4","-73,954131","40,765564",1,"N","-73,98487","40,749215","CRD","13,5",1,"0,5",3,0,18
"CMT","2014-01-09 20:12:06","2014-01-09 20:15:00",1,"0,4","-73,984981","40,763726",1,"N","-73,982279","40,768947","CRD",4,"0,5","0,5","1,25",0,"6,25"
"CMT","2014-01-09 20:05:25","2014-01-09 20:39:53",1,13,"-73,873094","40,773951",1,"N","-73,938946","40,663904","CRD","38,5","0,5","0,5",1,0,"40,5"
"CMT","2014-01-09 20:09:22","2014-01-09 20:18:15",1,"1,4",0,0,1,"N",0,0,"CRD","7,5","0,5","0,5",1,0,"9,5"
"CMT","2014-01-09 20:06:15","2014-01-09 20:18:54",1,"2,1","-73,984875","40,740501",1,"N","-74,007831","40,716704","CRD","10,5","0,5","0,5","1,25",0,"12,75"
"CMT","2014-01-09 20:09:27","2014-01-09 20:18:19",2,2,"-73,964852","40,755624",1,"N","-73,947458","40,781951","CRD",9,"0,5","0,5","1,5",0,"11,5"
"CMT","2014-01-09 20:11:13","2014-01-09 20:16:56",1,"1,4","-73,965505","40,76128",1,"N","-73,957924","40,779028","CRD",7,"0,5","0,5","1,6",0,"9,6"
"CMT","2014-01-09 22:13:28","2014-01-09 22:35:03",1,"5,1","-73,990229","40,737053",1,"N","-73,940439","40,694233","CRD",20,"0,5","0,5","4,2",0,"25,2"
"CMT","2014-01-09 22:19:44","2014-01-09 22:26:58",1,"1,7","-73,968207","40,755371",1,"N","-73,951833","40,773469","CRD","7,5","0,5","0,5","1,7",0,"10,2"
"CMT","2014-01-09 22:14:35","2014-01-09 22:27:15",1,"3,2",0,0,1,"N",0,0,"CRD","12,5","0,5","0,5","4,05",0,"17,55"
"CMT","2014-01-09 22:12:07","2014-01-09 22:30:43",1,"4,3","-73,97802","40,783504",1,"N","-73,989522","40,736067","CRD",16,"0,5","0,5","3,4",0,"20,4"
"CMT","2014-01-09 18:57:22","2014-01-09 19:14:23",1,2,"-74,008099","40,746106",1,"N","-73,978349","40,729505","CRD","12,5",1,"0,5","2,8",0,"16,8"
"CMT","2014-01-09 18:57:27","2014-01-09 19:15:31",1,"2,6","-74,005147","40,74796",1,"N","-73,993695","40,721515","CRD","13,5",1,"0,5",3,0,18
"CMT","2014-01-09 18:56:36","2014-01-09 19:40:56",1,"19,9","-73,776742","40,645195",2,"N","-74,01026","40,717532","CRD",52,0,"0,5","10,5",0,63
"CMT","2014-01-09 19:07:08","2014-01-09 19:09:59",1,"0,4","-73,982552","40,742624",1,"N","-73,988855","40,741206","CRD",4,1,"0,5","1,1",0,"6,6"
"CMT","2014-01-09 19:04:36","2014-01-09 19:20:03",1,"1,8","-73,951197","40,77655",1,"N","-73,969998","40,758442","CRD",11,1,"0,5",3,0,"15,5"
"CMT","2014-01-09 19:04:56","2014-01-09 19:17:54",1,"2,6","-73,995762","40,744007",1,"N","-74,01043","40,7191","CRD",11,1,"0,5","0,2",0,"12,7"
"CMT","2014-01-09 19:07:54","2014-01-09 19:18:33",1,"2,2","-73,990591","40,702664",1,"N","-74,014184","40,716974","CRD",10,1,"0,5","2,3",0,"13,8"
"CMT","2014-01-09 19:09:10","2014-01-09 19:18:20",1,2,"-73,974869","40,750326",1,"N","-73,955595","40,772519","CRD","8,5",1,"0,5",2,0,12
"CMT","2014-01-09 20:10:17","2014-01-09 20:27:20",1,"2,5","-73,97142","40,759315",1,"N","-73,9951","40,72887","CRD",13,"0,5","0,5",1,0,15
"CMT","2014-01-09 20:09:20","2014-01-09 20:20:37",1,"1,6","-73,993146","40,734982",1,"N","-73,976154","40,741247","CRD",9,"0,5","0,5","1,5",0,"11,5"
"CMT","2014-01-09 20:11:22","2014-01-09 20:15:33",1,1,"-73,97953","40,73542",1,"N","-73,96981","40,749045","CRD","5,5","0,5","0,5","1,3",0,"7,8"
"CMT","2014-01-09 20:06:45","2014-01-09 20:17:48",3,"1,8","-73,973788","40,792434",1,"N","-73,953684","40,779249","CRD","9,5","0,5","0,5","2,1",0,"12,6"
"CMT","2014-01-09 20:12:05","2014-01-09 20:20:00",2,1,"-73,996374","40,721632",1,"N","-73,982856","40,722781","CRD",7,"0,5","0,5","1,6",0,"9,6"
"CMT","2014-01-09 20:10:32","2014-01-09 20:15:36",1,1,"-73,978133","40,679977",1,"N","-73,983379","40,693756","CRD",6,"0,5","0,5","1,75",0,"8,75"
"CMT","2014-01-09 20:07:49","2014-01-09 20:20:57",1,"2,3","-73,992292","40,724802",1,"N","-73,97139","40,754592","CRD",11,"0,5","0,5",3,0,15
"CMT","2014-01-09 19:56:22","2014-01-09 20:03:56",1,"1,1","-73,993125","40,724462",1,"N","-73,990225","40,736948","CRD","6,5",1,"0,5","1,6",0,"9,6"
"CMT","2014-01-09 20:06:35","2014-01-09 20:15:13",1,"4,3","-73,943108","40,841924",1,"N","-73,936871","40,808291","CRD","13,5","0,5","0,5","2,9",0,"17,4"
"CMT","2014-01-09 20:12:56","2014-01-09 20:19:42",1,"0,8","-73,997221","40,721749",1,"N","-73,987543","40,721319","CRD",6,1,"0,5","1,25",0,"8,75"
"CMT","2014-01-09 20:08:44","2014-01-09 20:16:59",1,"1,4","-73,971135","40,758199",1,"N","-73,956651","40,771574","CRD",8,"0,5","0,5","1,8",0,"10,8"
"CMT","2014-01-09 20:06:07","2014-01-09 20:14:54",1,"1,6","-73,999894","40,738671",1,"N","-73,978616","40,74492","CRD","8,5","0,5","0,5","1,9",0,"11,4"
"CMT","2014-01-09 20:13:11","2014-01-09 20:18:53",2,"0,9","-73,992874","40,749173",1,"N","-73,988741","40,739793","CRD","5,5","0,5","0,5","1,3",0,"7,8"
"CMT","2014-01-09 20:11:28","2014-01-09 20:17:11",1,1,"-73,99874","40,734642",1,"N","-74,005612","40,726451","CRD",6,"0,5","0,5","1,4",0,"8,4"
"CMT","2014-01-09 20:09:48","2014-01-09 20:22:28",1,"1,6","-73,967202","40,751895",1,"N","-73,978119","40,765765","CRD",10,"0,5","0,5","2,2",0,"13,2"
"CMT","2014-01-09 20:11:49","2014-01-09 20:18:04",1,1,"-73,977616","40,775395",1,"N","-73,978037","40,764636","CRD",6,"0,5","0,5",1,0,8
"CMT","2014-01-09 20:06:25","2014-01-09 20:23:05",3,"7,7","-73,981966","40,774714",1,"N","-73,922553","40,869079","CRD","23,5","0,5","0,5","4,9",0,"29,4"
"CMT","2014-01-09 20:08:51","2014-01-09 20:27:42",1,"3,2","-74,01015","40,721456",1,"N","-73,983624","40,759362","CRD","14,5","0,5","0,5",2,0,"17,5"
"CMT","2014-01-09 22:20:19","2014-01-09 22:26:25",2,"1,1","-73,977155","40,764744",1,"N","-73,963106","40,767872","CRD","6,5","0,5","0,5","1,5",0,9
"CMT","2014-01-09 22:25:26","2014-01-09 22:34:27",1,"2,1","-73,960747","40,772475",1,"N","-73,982274","40,749911","CRD",9,"0,5","0,5",2,0,12
"CMT","2014-01-09 22:21:23","2014-01-09 22:33:49",1,"7,7","-74,009498","40,707843",1,"N","-73,948815","40,784125","CRD",22,"0,5","0,5","3,5",0,"26,5"
"CMT","2014-01-09 22:20:54","2014-01-09 22:37:26",1,"6,6","-74,00796","40,722931",1,"N","-73,962953","40,795185","CRD","21,5","0,5","0,5","4,5",0,27
"CMT","2014-01-09 21:47:30","2014-01-09 21:52:47",1,"0,8","-73,977095","40,755141",1,"N","-73,977433","40,747253","CRD","5,5","0,5","0,5","1,3",0,"7,8"
"CMT","2014-01-09 21:49:43","2014-01-09 21:53:19",1,"0,8","-73,98407","40,743941",1,"N","-73,987245","40,749479","CRD",5,"0,5","0,5","1,2",0,"7,2"
"CMT","2014-01-09 21:42:23","2014-01-09 21:47:58",1,2,"-73,955549","40,779528",1,"N","-73,980445","40,775071","CRD","7,5","0,5","0,5","1,7",0,"10,2"
"CMT","2014-01-09 21:41:14","2014-01-09 21:46:32",1,"0,7","-73,985094","40,744607",1,"Y","-73,991287","40,742818","CRD","5,5","0,5","0,5",1,0,"7,5"
"CMT","2014-01-09 21:41:18","2014-01-09 22:31:20",2,"24,7","-74,005663","40,750898",5,"N","-74,368625","40,654249","CRD",90,0,0,"19,8",9,"118,8"
"CMT","2014-01-09 21:42:57","2014-01-09 21:59:55",1,"4,5","-73,995803","40,723476",1,"N","-73,95256","40,772739","CRD",16,"0,5","0,5",2,0,19
"CMT","2014-01-09 21:38:01","2014-01-09 22:08:44",1,"2,8","-73,996405","40,725505",1,"N","-73,960341","40,763816","CRD",13,"0,5","0,5",1,0,15
"CMT","2014-01-09 21:46:29","2014-01-09 21:51:20",1,1,"-73,894409","40,766011",1,"N","-73,894409","40,766011","CRD","5,5","0,5","0,5","1,3",0,"7,8"
"CMT","2014-01-09 21:46:10","2014-01-09 21:54:13",2,"1,4","-73,993816","40,72729",1,"N","-74,009586","40,723618","CRD","7,5","0,5","0,5","1,7",0,"10,2"
"CMT","2014-01-09 21:42:03","2014-01-09 22:06:07",2,"17,1","-73,78102","40,645053",2,"N","-73,976844","40,74916","CRD",52,0,"0,5",6,"5,33","63,83"
"CMT","2014-01-09 21:42:24","2014-01-09 21:52:52",3,"2,5","-73,982512","40,7726",1,"N","-73,996718","40,742118","CRD","10,5","0,5","0,5","2,3",0,"13,8"
"CMT","2014-01-09 21:44:48","2014-01-09 21:49:41",1,"0,6","-73,998313","40,735251",1,"N","-74,005623","40,740211","CRD",5,"0,5","0,5",1,0,7
"CMT","2014-01-09 21:45:57","2014-01-09 21:51:55",2,"1,5","-73,987108","40,750221",1,"N","-74,005676","40,740926","CRD",7,"0,5","0,5","1,6",0,"9,6"
"CMT","2014-01-09 21:41:51","2014-01-09 21:51:04",1,"1,6","-73,982873","40,757112",1,"N","-73,973174","40,755895","CRD",8,"0,5","0,5","1,8",0,"10,8"
"CMT","2014-01-09 21:45:59","2014-01-09 22:00:28",1,"2,9","-73,988826","40,758623",1,"N","-73,952291","40,769693","CRD","12,5","0,5","0,5","2,7",0,"16,2"
"CMT","2014-01-09 21:42:23","2014-01-09 21:58:40",4,"6,8","-73,947737","40,790332",1,"N","-73,989393","40,721343","CRD",21,"0,5","0,5","4,4",0,"26,4"
"CMT","2014-01-09 21:43:53","2014-01-09 21:50:32",1,"1,6","-74,005715","40,736762",1,"N","-73,99688","40,720398","CRD",7,"0,5","0,5",1,0,9
"CMT","2014-01-09 21:46:25","2014-01-09 21:56:47",1,"2,3",0,0,1,"N",0,0,"CRD",10,"0,5","0,5","2,2",0,"13,2"
"CMT","2014-01-09 21:50:59","2014-01-09 22:05:32",1,"7,3","-73,982313","40,745552",1,"N","-73,865983","40,724477","CRD",22,"0,5","0,5",0,"5,33","28,33"
"CMT","2014-01-09 21:51:43","2014-01-09 22:01:34",2,"2,3","-74,008564","40,720798",1,"N","-73,991957","40,743845","CRD","9,5","0,5","0,5","2,1",0,"12,6"
"CMT","2014-01-09 21:49:41","2014-01-09 22:10:21",1,"4,8","-74,002591","40,738983",1,"N","-73,951894","40,715999","CRD","18,5","0,5","0,5","3,9",0,"23,4"
"CMT","2014-01-09 21:47:29","2014-01-09 21:56:53",1,2,"-74,0013","40,716364",1,"N","-74,002059","40,740332","CRD",9,"0,5","0,5",2,0,12
"CMT","2014-01-09 23:40:41","2014-01-09 23:50:28",1,"1,9","-73,993996","40,738734",1,"N","-73,987513","40,760007","CRD",9,"0,5","0,5",1,0,11
"CMT","2014-01-09 23:39:24","2014-01-09 23:47:14",1,"1,5","-74,00678","40,735794",1,"N","-73,984929","40,72804","CRD","7,5","0,5","0,5","1,7",0,"10,2"
"CMT","2014-01-09 23:41:54","2014-01-09 23:49:21",1,"1,3","-74,008422","40,719987",1,"N","-74,009116","40,737494","CRD","7,5","0,5","0,5","1,7",0,"10,2"
"CMT","2014-01-09 23:34:49","2014-01-09 23:59:12",1,6,"-73,990151","40,723406",1,"N","-73,905432","40,690923","CRD","21,5","0,5","0,5","4,5",0,27
"CMT","2014-01-09 23:35:32","2014-01-09 23:53:57",1,"5,3","-73,942103","40,791194",1,"N","-74,000271","40,746118","CRD","18,5","0,5","0,5",2,0,"21,5"
"CMT","2014-01-09 23:35:28","2014-01-09 23:47:24",1,"2,6","-73,990438","40,746149",1,"N","-73,987691","40,774547","CRD",11,"0,5","0,5","1,5",0,"13,5"
"CMT","2014-01-09 23:36:55","2014-01-09 23:46:39",1,"2,8","-73,95563","40,776912",1,"N","-73,981012","40,744532","CRD","10,5","0,5","0,5",1,0,"12,5"
"CMT","2014-01-09 23:39:39","2014-01-09 23:45:20",2,"1,7","-73,95275","40,780538",1,"N","-73,977255","40,786816","CRD",7,"0,5","0,5","1,6",0,"9,6"
"CMT","2014-01-09 23:36:46","2014-01-09 23:48:29",1,"4,4","-73,985449","40,720396",1,"N","-74,010103","40,71198","CRD","15,5","0,5","0,5","4,13",0,"20,63"
"CMT","2014-01-09 23:33:41","2014-01-09 23:49:08",1,5,"-73,987164","40,7618",1,"N","-74,018046","40,708237","CRD","17,5","0,5","0,5",3,0,"21,5"
"CMT","2014-01-09 23:46:09","2014-01-09 23:51:29",1,"0,7","-73,978498","40,754932",1,"N","-73,986205","40,762357","CRD","5,5","0,5","0,5",1,0,"7,5"
"CMT","2014-01-09 21:45:55","2014-01-09 22:01:15",1,"2,2","-73,978004","40,778704",1,"N","-73,96272","40,758399","CRD",12,"0,5","0,5","2,6",0,"15,6"
"CMT","2014-01-09 21:42:26","2014-01-09 21:46:20",1,1,"-74,0049","40,737483",1,"N","-73,99482","40,750428","CRD","5,5","0,5","0,5","1,95",0,"8,45"
"CMT","2014-01-09 21:46:05","2014-01-09 21:50:36",1,"0,7","-73,982186","40,770516",1,"N","-73,981653","40,78077","CRD","5,5","0,5","0,5","1,3",0,"7,8"
"CMT","2014-01-09 21:44:14","2014-01-09 21:55:05",1,"2,1","-73,959534","40,771066",1,"N","-73,985427","40,756098","CRD",10,"0,5","0,5","2,2",0,"13,2"
"CMT","2014-01-09 21:46:17","2014-01-09 21:54:14",1,2,"-73,990913","40,738927",1,"N","-73,995343","40,759822","CRD","8,5","0,5","0,5","1,9",0,"11,4"
"CMT","2014-01-09 21:45:39","2014-01-09 21:53:47",2,"1,6","-74,006464","40,744593",1,"N","-73,982866","40,742292","CRD",8,"0,5","0,5","1,8",0,"10,8"
"CMT","2014-01-09 21:39:12","2014-01-09 22:07:10",1,"19,1","-73,777739","40,646782",2,"N","-73,950354","40,783117","CRD",52,0,"0,5",9,"5,33","66,83"
"CMT","2014-01-09 21:41:55","2014-01-09 21:52:05",1,"2,1","-73,979039","40,78535",1,"N","-73,951767","40,781968","CRD",10,"0,5","0,5",1,0,12
"CMT","2014-01-09 19:36:44","2014-01-09 20:02:34",1,"2,7",0,0,1,"N",0,0,"CRD",17,1,"0,5","3,7",0,"22,2"
"CMT","2014-01-09 19:34:23","2014-01-09 19:45:43",1,"1,1","-73,970749","40,756673",1,"N","-73,981648","40,749805","CRD","8,5",1,"0,5",2,0,12
"CMT","2014-01-09 19:44:08","2014-01-09 19:47:24",1,"0,6","-73,983434","40,726164",1,"N","-73,98866","40,717727","CRD","4,5",1,"0,5","0,5",0,"6,5"
"CMT","2014-01-09 19:41:06","2014-01-09 19:43:23",1,"0,4","-73,955084","40,768691",1,"N","-73,950314","40,771153","CRD",4,1,"0,5",1,0,"6,5"
"CMT","2014-01-09 19:41:19","2014-01-09 19:47:38",1,1,"-73,972274","40,749651",1,"N","-73,982114","40,736195","CRD",6,1,"0,5","1,5",0,9
"CMT","2014-01-09 19:44:15","2014-01-09 19:49:44",1,"1,4","-73,967383","40,792804",1,"N","-73,953329","40,806991","CRD","6,5",1,"0,5",2,0,10
"CMT","2014-01-09 19:38:24","2014-01-09 19:51:34",1,"2,4","-73,872256","40,701447",1,"N","-73,872256","40,701447","CRD",11,1,"0,5","2,5",0,15
"CMT","2014-01-09 19:37:15","2014-01-09 19:50:23",2,"2,3","-74,005947","40,751031",1,"N","-73,988604","40,761192","CRD","10,5",1,"0,5",1,0,13
"CMT","2014-01-09 19:35:48","2014-01-09 19:47:41",1,"1,2","-73,991157","40,73485",1,"N","-73,979355","40,735814","CRD",9,1,"0,5","2,1",0,"12,6"
"CMT","2014-01-09 19:44:03","2014-01-09 19:50:04",1,"0,7","-73,973614","40,763233",1,"N","-73,974705","40,756214","CRD","5,5",1,"0,5","1,4",0,"8,4"
"CMT","2014-01-09 19:42:48","2014-01-09 19:44:16",1,"0,4","-73,979592","40,785968",1,"N","-73,976232","40,790778","CRD","3,5",1,"0,5","1,5",0,"6,5"
"CMT","2014-01-09 19:34:35","2014-01-09 19:46:05",1,"2,1","-73,994741","40,729602",1,"N","-73,971682","40,746374","CRD","9,5",1,"0,5","3,3",0,"14,3"
"CMT","2014-01-09 19:40:56","2014-01-09 19:45:17",1,"0,8","-74,006635","40,730645",1,"N","-74,000262","40,738743","CRD",5,1,"0,5","1,5",0,8
"CMT","2014-01-09 19:34:20","2014-01-09 19:46:26",1,"2,1","-73,985984","40,758665",1,"N","-74,005759","40,735931","CRD","10,5",1,"0,5","1,5",0,"13,5"
"CMT","2014-01-09 19:55:31","2014-01-09 20:00:24",1,"0,4","-73,955707","40,779629",1,"N","-73,948983","40,777511","CRD",5,1,"0,5","1,3",0,"7,8"
"CMT","2014-01-09 19:37:49","2014-01-09 19:47:20",1,"1,1","-74,003982","40,742961",1,"N","-73,994901","40,750148","CRD",8,1,"0,5",2,0,"11,5"
"CMT","2014-01-09 19:35:07","2014-01-09 19:59:15",1,"3,6","-73,993379","40,755468",1,"N","-74,008541","40,709757","CRD",18,1,"0,5","3,9",0,"23,4"
"CMT","2014-01-09 19:42:17","2014-01-09 19:48:35",1,"1,2","-73,991555","40,698552",1,"N","-73,970321","40,695241","CRD",7,1,"0,5","2,12",0,"10,62"
"CMT","2014-01-09 19:35:59","2014-01-09 19:46:54",1,"3,6","-74,0099","40,715136",1,"N","-74,002449","40,760292","CRD",13,1,"0,5","2,5",0,17
"CMT","2014-01-09 19:40:27","2014-01-09 19:48:43",1,"1,5","-73,973791","40,757543",1,"N","-73,963128","40,774723","CRD","7,5",1,"0,5","2,25",0,"11,25"
"CMT","2014-01-09 19:35:16","2014-01-09 20:02:40",1,"8,2","-74,006499","40,751409",1,"N","-73,980783","40,677372","CRD","27,5",1,"0,5",3,0,32
"CMT","2014-01-09 19:40:03","2014-01-09 19:46:13",1,"0,6","-73,969128","40,763611",1,"N","-73,962923","40,759197","CRD","5,5",1,"0,5",1,0,8
"CMT","2014-01-09 19:41:44","2014-01-09 19:49:30",1,1,"-74,006338","40,733661",1,"N","-73,991946","40,738564","CRD",7,1,"0,5","1,7",0,"10,2"
"CMT","2014-01-09 19:38:31","2014-01-09 19:53:37",2,"2,5","-73,993447","40,734258",1,"N","-73,970892","40,761755","CRD",12,1,"0,5",0,0,"13,5"
"CMT","2014-01-09 19:43:02","2014-01-09 19:49:00",1,"1,3","-73,968127","40,755247",1,"N","-73,98072","40,738231","CRD","6,5",1,"0,5","1,6",0,"9,6"
"CMT","2014-01-09 19:34:21","2014-01-09 19:50:45",1,"2,4","-73,977402","40,753466",1,"N","-74,003242","40,735338","CRD","12,5",1,"0,5",2,0,16
"CMT","2014-01-09 19:36:01","2014-01-09 19:53:21",1,"2,5","-73,972155","40,758707",1,"N","-73,998723","40,734108","CRD",13,1,"0,5","2,9",0,"17,4"
"CMT","2014-01-09 19:34:49","2014-01-09 19:49:27",1,"3,8","-73,993854","40,741497",1,"N","-73,951556","40,773179","CRD",14,1,"0,5",2,0,"17,5"
"CMT","2014-01-09 19:43:04","2014-01-09 19:49:55",1,"1,3","-73,98225","40,736229",1,"N","-73,999281","40,732597","CRD","6,5",1,"0,5",1,0,9
"CMT","2014-01-09 19:34:46","2014-01-09 20:26:23",1,"17,2","-73,984201","40,76527",2,"N","-73,78962","40,642833","CRD",52,0,"0,5","10,5",0,63
"CMT","2014-01-09 19:36:03","2014-01-09 19:48:53",1,"3,1","-73,983402","40,744474",1,"N","-73,952284","40,772184","CRD","12,5",1,"0,5",2,0,16
"CMT","2014-01-09 19:34:21","2014-01-09 19:48:11",1,"2,9","-73,996243","40,76367",1,"N","-73,99696","40,733397","CRD",12,1,"0,5","1,5",0,15
"CMT","2014-01-09 19:42:23","2014-01-09 19:50:06",1,"1,5","-73,997041","40,72062",1,"N","-73,984049","40,737304","CRD","7,5",1,"0,5","2,25",0,"11,25"
"CMT","2014-01-09 19:36:34","2014-01-09 19:47:29",1,"1,9","-74,004354","40,707359",1,"N","-73,989029","40,730471","CRD","9,5",1,"0,5",1,0,12
"CMT","2014-01-09 19:38:48","2014-01-09 19:54:49",1,2,"-73,95658","40,771285",1,"N","-73,976644","40,749363","CRD","11,5",1,"0,5","2,6",0,"15,6"
