1,40.736828000000003,-73.994770000000003
2,40.731789999999997,-73.982226999999995
3,40.773381999999998,-73.982392000000004
4,40.763995000000001,-73.960448999999997
5,40.739406000000002,-73.988569999999996
6,40.765217,-73.986626000000001
7,40.770463999999997,-73.960212999999996
8,40.777050000000003,-73.979862999999995
9,40.717247999999998,-73.995371000000006
10,40.720523999999997,-73.984367000000006
11,40.749654999999997,-73.983811000000003
12,40.756574999999998,-73.989746999999994
13,40.726317000000002,-73.984138000000002
14,40.758443,-73.962868999999998
15,40.745849999999997,-73.979906
16,40.773639000000003,-73.959090000000003
17,40.758918000000001,-73.981147000000007
18,40.785975000000001,-73.942509999999999
19,40.765467999999998,-73.955192999999994
20,40.740577999999999,-73.979022999999998
21,40.773048000000003,-73.885274999999993
22,40.777383999999998,-73.980879000000002
23,40.748911,-73.991782000000001
24,40.714205,-73.988359000000003
25,40.758674999999997,-73.965716999999998
26,40.737448000000001,-73.984059000000002
27,40.751620000000003,-73.977008999999995
28,40.766573999999999,-73.982642999999996
29,40.753680000000003,-73.977655999999996
30,40.777676,-73.952248999999995
31,40.647542000000001,-73.788265999999993
32,40.652700000000003,-73.949224999999998
33,40.725991999999998,-74.007503
34,40.734583000000001,-73.988181999999995
35,40.709353,-74.014865999999998
36,40.759081000000002,-73.986084000000005
37,40.763109,-73.967675
38,40.778185999999998,-73.952590999999998
39,40.644728999999998,-73.781730999999994
40,40.761822000000002,-73.978604000000004
41,40.643934999999999,-73.790554999999998
42,40.643931000000002,-73.790554999999998
43,40.751013,-73.988810000000001
44,40.726658,-73.996002000000004
45,40.709328999999997,-74.013684999999995
46,40.773195000000001,-73.885670000000005
47,40.752862,-73.970117000000002
48,40.764080999999997,-73.954138
49,40.738917999999998,-73.991541999999995
50,40.724133999999999,-73.994747000000004
51,40.768771999999998,-73.960639
52,40.765340000000002,-73.976676999999995
53,40.781711000000001,-73.979729000000006
54,40.790889,-73.976643999999993
55,40.761056000000004,-73.975379000000004
56,40.753875000000001,-73.979162000000002
57,40.772990999999998,-73.946211000000005
58,40.750252000000003,-73.994018999999994
59,40.731084000000003,-73.992153999999999
60,40.750450999999998,-73.975376999999995
61,40.729050999999998,-73.990262000000001
62,40.741028,-73.995738000000003
63,40.736671999999999,-73.989091999999999
64,40.762698999999998,-73.985742000000002
65,40.743051999999999,-73.977260999999999
66,40.739823000000001,-73.985395999999994
67,40.706735999999999,-74.012384999999995
68,40.711761000000003,-73.951963000000006
69,40.735458000000001,-73.979545000000002
70,40.765338999999997,-73.971491999999998
71,40.824427999999997,-73.95214
72,40.791961999999998,-73.968301999999994
73,40.770479999999999,-73.865551999999994
74,40.800848000000002,-73.958181999999994
75,40.801943999999999,-73.934145999999998
76,40.779055999999997,-73.952591999999996
77,40.740451,-73.989497
78,40.643683000000003,-73.783606000000006
79,40.765664000000001,-73.968986000000001
80,40.697605000000003,-73.995642000000004
81,40.751305000000002,-73.940397000000004
82,40.764384,-73.964459000000005
83,40.734448999999998,-74.002429000000006
84,40.740220000000001,-73.986075999999997
85,40.770138000000003,-73.960471999999996
86,40.781748999999998,-73.955056999999996
87,40.764349000000003,-73.980816000000004
88,40.750718999999997,-73.991230999999999
89,40.748904000000003,-74.003460000000004
90,40.663364999999999,-73.996720999999994
91,40.766492999999997,-73.979416000000001
92,40.756863000000003,-73.998294000000001
93,40.734316,-73.989530000000002
94,40.734478000000003,-73.983346999999995
95,40.759500000000003,-73.970410000000001
96,40.755364999999998,-73.974722999999997
97,40.743563999999999,-73.982765000000001
98,40.803058999999998,-73.954251999999997
99,40.769185,-73.863007999999994
100,40.770280999999997,-73.987708999999995
101,40.739728999999997,-73.991134000000002
102,40.721733,-74.001103000000001
103,40.751134,-74.002664999999993
104,40.751134,-74.002664999999993
105,40.75459,-73.976287999999997
106,40.742812000000001,-74.057928000000004
107,40.733161000000003,-74.002709999999993
108,40.733161000000003,-74.002709999999993
109,40.718685000000001,-73.988033999999999
110,40.717861999999997,-74.005590999999995
111,40.735312,-73.991585000000001
112,40.717483000000001,-73.958096999999995
113,40.749046,-73.975836000000001
114,40.755997999999998,-73.971988999999994
115,40.719047000000003,-73.990111999999996
116,40.746527999999998,-73.993257
117,40.702469000000001,-74.012713000000005
118,40.720961000000003,-73.860028999999997
119,40.760859000000004,-73.967804999999998
120,40.738315999999998,-74.004705000000001
121,40.729776000000001,-74.008320999999995
122,40.78434,-73.954037
123,40.761099000000002,-73.969053000000002
124,40.762424000000003,-73.988729000000006
125,40.750188999999999,-74.002495999999994
126,40.773862000000001,-73.955914000000007
127,40.731588000000002,-73.985560000000007
128,40.691515000000003,-73.984357000000003
129,40.736913000000001,-73.988887000000005
130,40.747070999999998,-73.989965999999995
131,40.736845000000002,-73.978421999999995
132,40.762655000000002,-73.981281999999993
133,40.742398999999999,-74.005285999999998
134,40.770470000000003,-73.960113000000007
135,40.720590000000001,-73.990763000000001
136,40.720599,-73.990759999999995
137,40.725088,-73.992395000000002
138,40.719918,-73.988530999999995
139,40.77167,-73.982316999999995
140,40.758208000000003,-73.967675
141,40.75506,-73.976686999999998
142,40.657355000000003,-73.976304999999996
143,40.781404999999999,-73.952195000000003
144,40.734865999999997,-73.986074000000002
145,40.753945000000002,-73.980411000000004
146,40.691308999999997,-73.991739999999993
147,40.742873000000003,-74.007857000000001
148,40.778812000000002,-73.985281000000001
149,40.776074000000001,-73.947181999999998
150,40.720916000000003,-73.986671000000001
151,40.760103000000001,-73.987789000000006
152,40.779628000000002,-73.955654999999993
153,40.756127999999997,-73.967751000000007
154,40.737628000000001,-73.987746000000001
155,40.733265000000003,-73.986922000000007
156,40.745606000000002,-74.005673000000002
157,40.729064000000001,-73.992304000000004
158,40.782716999999998,-73.981425000000002
159,40.771245,-73.981956999999994
160,40.786689000000003,-73.952921000000003
161,40.733020000000003,-74.000168000000002
162,40.737233000000003,-73.979068999999996
163,40.734853000000001,-73.990470000000002
164,40.714143,-73.957876999999996
165,40.765563999999998,-73.954131000000004
166,40.749215,-73.984870000000001
167,40.763725999999998,-73.984981000000005
168,40.768946999999997,-73.982279000000005
169,40.773950999999997,-73.873093999999995
170,40.663904000000002,-73.938946000000001
171,0,0
172,0,0
173,40.740501000000002,-73.984875000000002
174,40.716704,-74.007830999999996
175,40.755623999999997,-73.964851999999993
176,40.781950999999999,-73.947457999999997
177,40.761279999999999,-73.965504999999993
178,40.779027999999997,-73.957924000000006
179,40.737053000000003,-73.990228999999999
180,40.694232999999997,-73.940438999999998
181,40.755370999999997,-73.968207000000007
182,40.773468999999999,-73.951832999999993
183,0,0
184,0,0
185,40.783504000000001,-73.978020000000001
186,40.736066999999998,-73.989521999999994
187,40.746105999999997,-74.008099000000001
188,40.729505000000003,-73.978348999999994
189,40.747959999999999,-74.005146999999994
190,40.721514999999997,-73.993695000000002
191,40.645195000000001,-73.776741999999999
192,40.717531999999999,-74.010260000000002
193,40.742623999999999,-73.982551999999998
194,40.741205999999998,-73.988855000000001
195,40.77655,-73.951196999999993
196,40.758442000000002,-73.969998000000004
197,40.744007000000003,-73.995761999999999
198,40.719099999999997,-74.010429999999999
199,40.702663999999999,-73.990590999999995
200,40.716974,-74.014184
201,40.750326000000001,-73.974868999999998
202,40.772519000000003,-73.955595000000002
203,40.759315000000001,-73.971419999999995
204,40.728870000000001,-73.995099999999994
205,40.734982000000002,-73.993145999999996
206,40.741247000000001,-73.976153999999994
207,40.735419999999998,-73.979529999999997
208,40.749045000000002,-73.969809999999995
209,40.792434,-73.973787999999999
210,40.779249,-73.953683999999996
211,40.721632,-73.996374000000003
212,40.722780999999998,-73.982855999999998
213,40.679977000000001,-73.978133
214,40.693756,-73.983378999999999
215,40.724801999999997,-73.992292000000006
216,40.754592000000002,-73.97139
217,40.724462000000003,-73.993125000000006
218,40.736947999999998,-73.990224999999995
219,40.841923999999999,-73.943107999999995
220,40.808290999999997,-73.936870999999996
221,40.721749000000003,-73.997220999999996
222,40.721319000000001,-73.987543000000002
223,40.758198999999998,-73.971135000000004
224,40.771574000000001,-73.956650999999994
225,40.738670999999997,-73.999893999999998
226,40.74492,-73.978616000000002
227,40.749172999999999,-73.992874
228,40.739792999999999,-73.988741000000005
229,40.734642000000001,-73.998739999999998
230,40.726450999999997,-74.005611999999999
231,40.751894999999998,-73.967202
232,40.765765000000002,-73.978119000000007
233,40.775395000000003,-73.977615999999998
234,40.764636000000003,-73.978037
235,40.774714000000003,-73.981966
236,40.869078999999999,-73.922552999999994
237,40.721456000000003,-74.010149999999996
238,40.759362000000003,-73.983624000000006
239,40.764744,-73.977154999999996
240,40.767871999999997,-73.963105999999996
241,40.772475,-73.960746999999998
242,40.749910999999997,-73.982274000000004
243,40.707842999999997,-74.009497999999994
244,40.784125000000003,-73.948814999999996
245,40.722931000000003,-74.007959999999997
246,40.795184999999996,-73.962952999999999
247,40.755141000000002,-73.977095000000006
248,40.747253000000001,-73.977433000000005
249,40.743941,-73.984070000000003
250,40.749479000000001,-73.987245000000001
251,40.779527999999999,-73.955549000000005
252,40.775070999999997,-73.980445000000003
253,40.744607000000002,-73.985094000000004
254,40.742818,-73.991287
255,40.750897999999999,-74.005662999999998
256,40.654249,-74.368624999999994
257,40.723475999999998,-73.995802999999995
258,40.772739000000001,-73.952560000000005
259,40.725504999999998,-73.996404999999996
260,40.763815999999998,-73.960341
261,40.766010999999999,-73.894408999999996
262,40.766010999999999,-73.894408999999996
263,40.727290000000004,-73.993815999999995
264,40.723618000000002,-74.009585999999999
265,40.645052999999997,-73.781019999999998
266,40.749160000000003,-73.976844
267,40.772599999999997,-73.982512
268,40.742117999999998,-73.996718000000001
269,40.735250999999998,-73.998312999999996
270,40.740211000000002,-74.005623
271,40.750221000000003,-73.987108000000006
272,40.740926000000002,-74.005675999999994
273,40.757111999999999,-73.982872999999998
274,40.755895000000002,-73.973174
275,40.758623,-73.988826000000003
276,40.769692999999997,-73.952291000000002
277,40.790331999999999,-73.947737000000004
278,40.721342999999997,-73.989393000000007
279,40.736761999999999,-74.005714999999995
280,40.720398000000003,-73.996880000000004
281,0,0
282,0,0
283,40.745552000000004,-73.982313000000005
284,40.724477,-73.865983
285,40.720798000000002,-74.008564000000007
286,40.743845,-73.991956999999999
287,40.738982999999998,-74.002590999999995
288,40.715998999999996,-73.951893999999996
289,40.716363999999999,-74.001300000000001
290,40.740332000000002,-74.002059000000003
291,40.738734000000001,-73.993995999999996
292,40.760007000000002,-73.987513000000007
293,40.735793999999999,-74.006780000000006
294,40.72804,-73.984928999999994
295,40.719987000000003,-74.008421999999996
296,40.737493999999998,-74.009116000000006
297,40.723405999999997,-73.990150999999997
298,40.690922999999998,-73.905432000000005
299,40.791193999999997,-73.942103000000003
300,40.746118000000003,-74.000270999999998
301,40.746149000000003,-73.990437999999997
302,40.774546999999998,-73.987690999999998
303,40.776912000000003,-73.955629999999999
304,40.744532,-73.981012000000007
305,40.780538,-73.952749999999995
306,40.786816000000002,-73.977255
307,40.720396000000001,-73.985449000000003
308,40.711979999999997,-74.010103000000001
309,40.761800000000001,-73.987164000000007
310,40.708236999999997,-74.018045999999998
311,40.754931999999997,-73.978498000000002
312,40.762357000000002,-73.986204999999998
313,40.778703999999998,-73.978003999999999
314,40.758398999999997,-73.962720000000004
315,40.737482999999997,-74.004900000000006
316,40.750427999999999,-73.994820000000004
317,40.770516000000001,-73.982185999999999
318,40.780769999999997,-73.981652999999994
319,40.771065999999998,-73.959534000000005
320,40.756098000000001,-73.985427000000001
321,40.738926999999997,-73.990913000000006
322,40.759822,-73.995343000000005
323,40.744593000000002,-74.006463999999994
324,40.742291999999999,-73.982866000000001
325,40.646782000000002,-73.777738999999997
326,40.783116999999997,-73.950354000000004
327,40.785350000000001,-73.979039
328,40.781967999999999,-73.951767000000004
329,0,0
330,0,0
331,40.756672999999999,-73.970748999999998
332,40.749805000000002,-73.981648000000007
333,40.726163999999997,-73.983434000000003
334,40.717726999999996,-73.988659999999996
335,40.768690999999997,-73.955083999999999
336,40.771152999999998,-73.950314000000006
337,40.749651,-73.972273999999999
338,40.736195000000002,-73.982113999999996
339,40.792803999999997,-73.967382999999998
340,40.806990999999996,-73.953328999999997
341,40.701447000000002,-73.872255999999993
342,40.701447000000002,-73.872255999999993
343,40.751030999999998,-74.005947000000006
344,40.761192000000001,-73.988603999999995
345,40.734850000000002,-73.991157000000001
346,40.735813999999998,-73.979354999999998
347,40.763233,-73.973613999999998
348,40.756214,-73.974705
349,40.785967999999997,-73.979591999999997
350,40.790778000000003,-73.976231999999996
351,40.729602,-73.994741000000005
352,40.746374000000003,-73.971682000000001
353,40.730645000000003,-74.006635000000003
354,40.738742999999999,-74.000262000000006
355,40.758665000000001,-73.985984000000002
356,40.735931000000001,-74.005758999999998
357,40.779629,-73.955707000000004
358,40.777510999999997,-73.948982999999998
359,40.742961000000001,-74.003981999999993
360,40.750148000000003,-73.994900999999999
361,40.755468,-73.993379000000004
362,40.709757000000003,-74.008540999999994
363,40.698551999999999,-73.991555000000005
364,40.695241000000003,-73.970320999999998
365,40.715136000000001,-74.009900000000002
366,40.760292,-74.002448999999999
367,40.757542999999998,-73.973791000000006
368,40.774723000000002,-73.963127999999998
369,40.751409000000002,-74.006499000000005
370,40.677371999999998,-73.980783000000002
371,40.763610999999997,-73.969127999999998
372,40.759197,-73.962923000000004
373,40.733660999999998,-74.006338
374,40.738563999999997,-73.991945999999999
375,40.734257999999997,-73.993447000000003
376,40.761755000000001,-73.970892000000006
377,40.755246999999997,-73.968126999999996
378,40.738230999999999,-73.980720000000005
379,40.753466000000003,-73.977401999999998
380,40.735337999999999,-74.003242
381,40.758707000000001,-73.972155000000001
382,40.734107999999999,-73.998722999999998
383,40.741497000000003,-73.993853999999999
384,40.773178999999999,-73.951555999999997
385,40.736229000000002,-73.982249999999993
386,40.732596999999998,-73.999280999999996
387,40.765270000000001,-73.984200999999999
388,40.642833000000003,-73.789619999999999
389,40.744473999999997,-73.983401999999998
390,40.772184000000003,-73.952284000000006
391,40.763669999999998,-73.996243000000007
392,40.733396999999997,-73.996960000000001
393,40.720619999999997,-73.997040999999996
394,40.737304000000002,-73.984048999999999
395,40.707358999999997,-74.004354000000006
396,40.730471000000001,-73.989029000000002
397,40.771284999999999,-73.956580000000002
398,40.749363000000002,-73.976643999999993
399,40.760941000000003,-73.983260000000001
400,40.776246999999998,-73.947635000000005
401,40.768008000000002,-73.985556000000003
402,40.781574999999997,-73.979179000000002
403,40.754682000000003,-73.974759000000006
404,40.787483000000002,-73.967175999999995
405,40.782943000000003,-73.950434000000001
406,40.787916000000003,-73.971069999999997
407,40.764560000000003,-73.966322000000005
408,40.78584,-73.968873000000002
409,40.761853000000002,-73.974208000000004
410,40.729647999999997,-73.990727000000007
411,40.763772000000003,-73.966137000000003
412,40.763773999999998,-73.966132999999999
413,40.736955000000002,-73.984470999999999
414,40.752744,-73.977253000000005
415,40.778722999999999,-73.953812999999997
416,40.722619999999999,-74.003722999999994
417,40.772041000000002,-73.959010000000006
418,40.762881,-73.967941999999994
419,40.734988999999999,-73.991150000000005
420,40.730294000000001,-73.984003999999999
421,40.772512999999996,-73.958200000000005
422,40.758380000000002,-73.963258999999994
423,40.771985000000001,-73.862810999999994
424,40.776437000000001,-73.946428999999995
425,40.793964000000003,-73.966134999999994
426,40.787306999999998,-73.980040000000002
427,0,0
428,0,0
429,40.773074999999999,-73.956526999999994
430,40.777661999999999,-73.954849999999993
431,40.755710999999998,-73.982185999999999
432,40.717699000000003,-74.010518000000005
433,40.718864000000004,-74.008529999999993
434,40.737927999999997,-73.981397000000001
435,40.733227999999997,-74.003135
436,40.722368000000003,-73.993423000000007
437,40.723224999999999,-73.997631999999996
438,40.703066,-73.990757000000002
439,40.732852999999999,-73.994093000000007
440,40.783245000000001,-73.977000000000004
441,40.753984000000003,-73.987245999999999
442,40.784837000000003,-73.949661000000006
443,40.764848000000001,-73.973223000000004
444,40.745306999999997,-73.971322999999998
445,0,0
446,0,0
447,40.729464,-74.001658000000006
448,40.750593000000002,-74.003561000000005
449,40.749740000000003,-74.006422000000001
450,40.738087,-74.008662999999999
451,40.773355000000002,-73.870504999999994
452,40.738270999999997,-73.981848999999997
453,40.739846999999997,-73.986529000000004
454,40.725732999999998,-73.980523000000005
455,40.772511999999999,-73.949687999999995
456,40.740934000000003,-74.001627999999997
457,40.755571000000003,-73.973209999999995
458,40.730317999999997,-74.000210999999993
459,40.779986999999998,-73.957077999999996
460,40.775877000000001,-73.953076999999993
461,40.748401999999999,-73.988671999999994
462,40.759048,-73.993992000000006
463,40.776530999999999,-73.986822000000004
464,40.801927999999997,-73.957629999999995
465,40.764448000000002,-73.972913000000005
466,40.732224000000002,-73.996174999999994
467,40.76576,-73.978781999999995
468,40.780382000000003,-73.981244000000004
469,40.788713999999999,-73.967018999999993
470,40.774248999999998,-73.957981000000004
471,40.73057,-73.980513000000002
472,40.767367999999998,-73.989958999999999
473,40.794243999999999,-73.966703999999993
474,40.799373000000003,-73.971901000000003
475,40.786079000000001,-73.955133000000004
476,40.774034999999998,-73.954851000000005
477,40.754396999999997,-73.987977999999998
478,40.732145000000003,-74.005154000000005
479,40.742328000000001,-74.004327000000004
480,40.772652999999998,-73.981941000000006
481,40.744228,-73.991501
482,40.739497,-74.008075000000005
483,40.769781000000002,-73.863286000000002
484,40.746651999999997,-73.972567999999995
485,40.751337999999997,-73.973930999999993
486,40.799860000000002,-73.969838999999993
487,40.722124999999998,-73.991878
488,40.715237999999999,-74.014832999999996
489,40.746526000000003,-73.983967000000007
490,40.728138999999999,-73.979313000000005
491,40.771424000000003,-73.956614999999999
492,40.748555000000003,-73.972898999999998
493,40.758015999999998,-73.970816999999997
494,40.739075999999997,-73.976883999999998
495,40.760750000000002,-73.966894999999994
496,40.780517000000003,-73.952451999999994
497,40.738424999999999,-73.991883999999999
498,40.738121999999997,-74.003433000000001
499,40.766398000000002,-73.983547000000002
500,40.740385000000003,-73.994174999999998
501,40.775390000000002,-73.962720000000004
502,40.758093000000002,-73.973629000000003
503,40.771968000000001,-73.982149000000007
504,40.732815000000002,-74.000112999999999
505,40.731282999999998,-73.991742000000002
506,40.733237000000003,-74.002993000000004
507,40.764921000000001,-73.968523000000005
508,40.786709000000002,-73.970374000000007
509,40.770139,-73.968581
510,40.753532999999997,-73.977462000000003
511,40.725999000000002,-74.007526999999996
512,40.707751999999999,-74.001677999999998
513,40.783718,-73.970810999999998
514,40.719163999999999,-74.006071000000006
515,40.745137,-74.002371999999994
516,40.744312999999998,-73.990538000000001
517,40.738475000000001,-73.991450999999998
518,40.747982,-73.989129000000005
519,40.772471000000003,-73.989762999999996
520,40.791513999999999,-73.978123999999994
521,40.787367000000003,-73.944770000000005
522,40.768957,-73.954790000000003
523,40.761634999999998,-73.973457999999994
524,40.770299999999999,-73.966539999999995
525,40.743347999999997,-73.984054
526,40.774059999999999,-73.945269999999994
527,40.741689999999998,-73.993637000000007
528,40.736407999999997,-74.006791000000007
529,40.737321999999999,-73.989041999999998
530,40.713293,-73.958234000000004
531,40.771732,-73.95299
532,40.781900999999998,-73.951719999999995
533,40.754939999999998,-73.968480999999997
534,40.716943999999998,-73.835023000000007
535,40.759078000000002,-73.994335000000007
536,40.739705999999998,-73.992591000000004
537,40.729134000000002,-73.984336999999996
538,40.724978,-73.999084999999994
539,40.735249000000003,-73.991955000000004
540,40.747441999999999,-74.00318
541,40.767707999999999,-73.983064999999996
542,40.735626000000003,-73.989816000000005
543,40.773581,-73.981172000000001
544,40.765470000000001,-73.980456000000004
545,40.747148000000003,-74.004638
546,40.774780999999997,-73.947869999999995
547,40.759616000000001,-73.969544999999997
548,40.763598000000002,-73.978778000000005
549,40.756597999999997,-73.976298999999997
550,40.771414,-73.950920999999994
551,40.744630000000001,-73.983034000000004
552,40.737144999999998,-73.986369999999994
553,0,0
554,0,0
555,40.732030000000002,-74.007778999999999
556,40.744995000000003,-73.998526999999996
557,40.722889000000002,-74.008049
558,40.724594000000003,-73.994010000000003
559,40.764220000000002,-73.955067999999997
560,40.775953000000001,-73.953215
561,40.741748000000001,-73.974670000000003
562,40.806109999999997,-73.954274999999996
563,40.746523000000003,-74.005032999999997
564,40.717579999999998,-74.010569000000004
565,40.757300000000001,-73.970648999999995
566,40.761001999999998,-73.987273000000002
567,40.755842999999999,-73.980447999999996
568,40.769559999999998,-73.955952999999994
569,40.718145,-73.986479000000003
570,40.720723,-73.996889999999993
571,0,0
572,0,0
573,40.769641999999997,-73.989504999999994
574,40.746346000000003,-74.001503999999997
575,40.780794,-73.982349999999997
576,40.780794,-73.982349999999997
577,40.738441999999999,-73.987493000000001
578,40.720716000000003,-73.994229000000004
579,40.738582000000001,-73.939571999999998
580,40.732571,-74.002904999999998
581,40.783259999999999,-73.952808000000005
582,40.773035,-73.960278000000002
583,40.766531999999998,-73.962878000000003
584,40.791454999999999,-73.973826000000003
585,40.776263,-73.949866999999998
586,40.733663999999997,-73.990900999999994
587,40.752848,-73.975476999999998
588,40.715023000000002,-74.016183999999996
589,40.750909999999998,-73.980717999999996
590,40.766129999999997,-73.969651999999996
591,40.769725999999999,-73.988044000000002
592,40.762405000000001,-73.986530999999999
593,40.742283,-74.000677999999994
594,40.741819999999997,-73.993467999999993
595,40.763513000000003,-73.969914000000003
596,40.728664999999999,-73.994485999999995
597,40.748942,-73.991964999999993
598,40.774239000000001,-73.871185999999994
599,40.723002999999999,-73.994737999999998
600,40.739665000000002,-73.981072999999995
601,40.745776999999997,-74.005566999999999
602,40.791418,-73.977819999999994
603,40.718913000000001,-73.990424000000004
604,40.724653000000004,-73.981877999999995
605,40.759390000000003,-73.971650999999994
606,40.738836999999997,-73.983357999999996
607,40.726275000000001,-73.991864000000007
608,40.777424000000003,-73.950970999999996
609,40.774087000000002,-73.872822999999997
610,40.843806999999998,-73.940527000000003
611,40.711365999999998,-73.943867999999995
612,40.698774,-73.947012000000001
613,40.744056,-73.995355000000004
614,40.757022999999997,-73.989960999999994
615,40.719583,-73.991605000000007
616,40.740004999999996,-73.979934999999998
617,0,0
618,0,0
619,40.821936000000001,-73.953802999999994
620,40.789324000000001,-73.948431999999997
621,40.752974000000002,-73.996836000000002
622,40.737667000000002,-73.989178999999993
623,40.751099000000004,-73.990682000000007
624,40.734644000000003,-73.995913999999999
625,40.723388999999997,-73.990637000000007
626,40.718871999999998,-73.985118
627,40.758274,-73.981876999999997
628,40.758443,-73.989953999999997
629,40.744351000000002,-73.948667999999998
630,40.744340999999999,-73.948665000000005
631,40.755192999999998,-73.968476999999993
632,40.850375999999997,-73.936704000000006
633,40.768881,-73.959530999999998
634,40.762197,-73.997613000000001
635,40.759920000000001,-73.961996999999997
636,40.748685000000002,-73.990688000000006
637,40.792408000000002,-73.952419000000006
638,40.791361999999999,-73.976011
639,40.804563999999999,-73.938787000000005
640,40.785113000000003,-73.954237000000006
641,40.754164000000003,-73.975331999999995
642,40.767612,-73.968395000000001
643,40.775261,-73.947678999999994
644,40.771090999999998,-73.959890000000001
645,40.780282,-73.959042999999994
646,40.765262999999997,-73.961160000000007
647,40.731043999999997,-73.991693999999995
648,40.733713999999999,-73.997772999999995
649,40.739607999999997,-73.995178999999993
650,40.775306,-73.990492000000003
651,40.710372,-74.009067000000002
652,40.745237000000003,-73.904803999999999
653,40.761704999999999,-73.969944999999996
654,40.756036999999999,-73.974962000000005
655,40.742573,-73.983784
656,40.724998999999997,-73.984364999999997
657,40.757728999999998,-73.971148999999997
658,40.722788000000001,-74.010357999999997
659,40.733986000000002,-73.980675000000005
660,40.739361000000002,-73.988577000000006
661,40.776401999999997,-73.983152000000004
662,40.758346000000003,-73.969802000000001
663,40.778644999999997,-73.981893999999997
664,40.769136000000003,-73.988347000000005
665,40.768856,-73.961252999999999
666,40.731907,-73.991435999999993
667,40.771514000000003,-73.964804000000001
668,40.771389999999997,-73.960475000000002
669,40.763088000000003,-73.973838000000001
670,40.727200000000003,-73.993702999999996
671,40.734676999999998,-73.990717000000004
672,40.749057999999998,-73.992369999999994
673,40.781343999999997,-73.958402000000007
674,40.771574000000001,-73.959288000000001
675,40.755802000000003,-73.986418999999998
676,40.751150000000003,-73.991045
677,40.755023000000001,-73.973422999999997
678,40.750861,-73.990971000000002
679,40.775032000000003,-73.950582999999995
680,40.686971999999997,-73.993660000000006
681,40.766213,-73.971716999999998
682,40.813070000000003,-73.957402000000002
683,40.799005999999999,-73.968800999999999
684,40.787216000000001,-73.977665000000002
685,40.747427999999999,-73.973647
686,40.750230999999999,-73.986607000000006
687,40.764353,-73.969877999999994
688,40.789676,-73.973714000000001
689,40.726526,-73.986057000000002
690,40.719873999999997,-74.010221999999999
691,40.758144000000001,-73.970804999999999
692,40.726906999999997,-73.987328000000005
693,40.733921000000002,-73.990005999999994
694,40.749003000000002,-73.991547999999995
695,0,0
696,0,0
697,40.809567999999999,-73.953479999999999
698,40.795375,-73.933752999999996
699,40.722073999999999,-73.991895
700,40.718103999999997,-74.014902000000006
701,40.787824000000001,-73.977042999999995
702,40.785704000000003,-73.970162000000002
703,40.756734999999999,-73.966791000000001
704,40.752896999999997,-73.967760999999996
705,40.705112999999997,-74.007140000000007
706,40.772592000000003,-73.952472
707,40.757697,-73.985410000000002
708,40.705179999999999,-74.009635000000003
709,40.721536,-73.997416000000001
710,40.746428999999999,-74.001113000000004
711,40.782964,-73.953125
712,40.792769999999997,-73.970198999999994
713,40.728760999999999,-73.987651
714,40.685293000000001,-73.963190999999995
715,40.737859,-73.977815000000007
716,40.749383999999999,-73.991131999999993
717,40.764155000000002,-73.962007999999997
718,40.774408000000001,-73.957409999999996
719,40.723066000000003,-73.994891999999993
720,40.763167000000003,-73.964879999999994
721,40.777786999999996,-73.958769000000004
722,40.760026000000003,-73.965436999999994
723,40.802123999999999,-73.967988000000005
724,40.794204000000001,-73.970654999999994
725,40.733986000000002,-74.007548
726,40.731448,-73.990429000000006
727,40.726638000000001,-73.995909999999995
728,40.740667999999999,-73.978877999999995
729,40.753152999999998,-73.983136000000002
730,40.676724,-73.972161999999997
731,40.773847000000004,-73.945694000000003
732,40.792242999999999,-73.974084000000005
733,40.733936999999997,-73.980692000000005
734,40.760111999999999,-73.975779000000003
735,40.728715999999999,-73.984584999999996
736,40.730809000000001,-73.980688000000001
737,40.778885000000002,-73.954210000000003
738,40.773004999999998,-73.946150000000003
739,40.778927000000003,-73.981555999999998
740,40.762099999999997,-73.968609000000001
741,40.75206,-73.972707999999997
742,40.751539999999999,-73.990690999999998
743,40.742046999999999,-73.974279999999993
744,40.731479,-73.992242000000005
745,40.732709999999997,-74.006484
746,40.738160999999998,-74.007259000000005
747,40.749941999999997,-73.972140999999993
748,40.745209000000003,-74.005763000000002
749,40.783622000000001,-73.974382000000006
750,40.775599,-73.990348999999995
751,40.740039000000003,-73.999037999999999
752,40.811076999999997,-73.948970000000003
753,40.759236000000001,-73.974828000000002
754,40.774382000000003,-73.946224000000001
755,40.765495000000001,-73.98751
756,40.801834999999997,-73.964828999999995
757,40.749768000000003,-73.992073000000005
758,40.730468000000002,-74.002539999999996
759,40.803697999999997,-73.967231999999996
760,40.794905,-73.971879000000001
761,40.763617000000004,-73.975102000000007
762,40.722903000000002,-73.859886000000003
763,40.776603000000001,-73.955794999999995
764,40.779781999999997,-73.944519999999997
765,40.756686999999999,-73.978650000000002
766,40.746397000000002,-73.986317999999997
767,40.774327999999997,-73.959083000000007
768,40.774327999999997,-73.959083000000007
769,40.758200000000002,-73.990427999999994
770,40.748797000000003,-73.999516999999997
771,40.765345000000003,-73.980410000000006
772,40.731434,-74.008698999999993
773,40.755540000000003,-73.986256999999995
774,40.764322999999997,-73.992219000000006
775,40.750109999999999,-73.987875000000003
776,40.748508000000001,-74.005863000000005
777,40.771203,-73.961470000000006
778,40.759430999999999,-73.976594000000006
779,40.752831,-73.987031000000002
780,40.687123999999997,-73.785447000000005
781,40.771763,-73.960742999999994
782,40.776093000000003,-73.948507000000006
783,40.772387999999999,-73.960963000000007
784,40.744351000000002,-73.996359999999996
785,40.762275000000002,-73.982371999999998
786,40.761906000000003,-73.970951999999997
787,40.737926999999999,-73.980907000000002
788,40.753926999999997,-73.997742000000002
789,40.756374999999998,-73.986923000000004
790,40.775193999999999,-73.981987000000004
791,40.745260999999999,-74.005773000000005
792,40.698276,-73.933957000000007
793,40.746206000000001,-73.971800999999999
794,40.710794,-74.006217000000007
795,40.705058000000001,-74.016063000000003
796,40.722450000000002,-74.000336000000004
797,40.743983,-73.977571999999995
798,40.729405,-73.987808000000001
799,40.719282999999997,-74.001326000000006
800,40.687514,-74.000590000000003
801,40.756627000000002,-73.997612000000004
802,40.771816999999999,-73.986521999999994
803,40.770122000000001,-73.863551000000001
804,40.755372999999999,-73.974301999999994
805,40.760874999999999,-73.969206999999997
806,40.732193000000002,-74.003763000000006
807,40.768445,-73.981931000000003
808,40.755249999999997,-73.977577999999994
809,40.738973999999999,-73.983703000000006
810,40.735733000000003,-73.998216999999997
811,40.776778,-73.948549999999997
812,40.760421999999998,-73.993368000000004
813,40.762222999999999,-73.976256000000006
814,40.703949000000001,-74.010346999999996
815,40.761485,-73.994172000000006
816,40.722492000000003,-73.997472999999999
817,40.751398999999999,-73.970860000000002
818,40.756402000000001,-73.964290000000005
819,0,0
820,0,0
821,40.764221999999997,-73.988603999999995
822,40.742573999999998,-73.977446
823,40.780385000000003,-73.959114999999997
824,40.729838000000001,-73.991733999999994
825,0,0
826,0,0
827,40.765661999999999,-73.957800000000006
828,40.760936000000001,-73.984801000000004
829,40.738408999999997,-73.985428999999996
830,40.734887999999998,-74.001582999999997
831,40.714700000000001,-74.008150999999998
832,40.758713999999998,-73.986020999999994
833,40.777259000000001,-73.952365
834,40.764842000000002,-73.966479000000007
835,40.724727999999999,-73.992176999999998
836,40.754002,-73.988023999999996
837,40.794756,-73.966206
838,40.803727000000002,-73.965528000000006
839,40.721910000000001,-73.957952000000006
840,40.707393000000003,-74.005042000000003
841,40.713352,-74.009283999999994
842,40.714235000000002,-73.833055999999999
843,40.754962999999996,-73.984151999999995
844,40.743473999999999,-73.972528999999994
845,40.740814,-73.987945999999994
846,40.782834999999999,-73.95111
847,40.730958999999999,-73.982715999999996
848,40.726509,-73.978122999999997
849,40.706887000000002,-74.004594999999995
850,40.753737999999998,-73.966198000000006
851,40.732961000000003,-74.000186999999997
852,40.741337999999999,-74.006128000000004
853,40.765926999999998,-73.983586000000003
854,40.775348999999999,-73.982438999999999
855,40.742744000000002,-74.000309000000001
856,40.724927999999998,-73.994911999999999
857,40.703104000000003,-73.984830000000002
858,40.719464000000002,-73.958939999999998
859,40.773141000000003,-73.952140999999997
860,40.787163,-73.941933000000006
861,40.735270999999997,-74.003262000000007
862,40.744897000000002,-73.985754
863,40.774026999999997,-73.874516
864,40.772250999999997,-73.946920000000006
865,40.768932999999997,-73.982675
866,40.762473999999997,-73.972195999999997
867,40.707442,-74.004943999999995
868,40.722147,-73.981554000000003
869,0,0
870,0,0
871,40.720945,-74.009979999999999
872,40.760519000000002,-74.002381999999997
873,40.754621,-73.975711000000004
874,40.767578,-73.990223
875,40.742243000000002,-73.974486999999996
876,40.747630999999998,-73.982192999999995
877,40.762751000000002,-73.985354999999998
878,40.723303000000001,-73.945019000000002
879,40.749679999999998,-73.983169000000004
880,40.751181000000003,-73.992701999999994
881,40.780906999999999,-73.949399
882,40.769233999999997,-73.955157999999997
883,40.787165999999999,-73.973861999999997
884,40.788381000000001,-73.954901000000007
885,40.779775999999998,-73.570224999999994
886,40.779775999999998,-73.570224999999994
887,40.772618000000001,-73.958518999999995
888,40.787790999999999,-73.975121000000001
889,40.764018,-73.973389999999995
890,40.727311,-74.000370000000004
891,40.746943000000002,-73.985421000000002
892,40.739142000000001,-73.989386999999994
893,40.758740000000003,-73.988093000000006
894,40.648842000000002,-73.782469000000006
895,40.725780999999998,-73.994247000000001
896,40.746363000000002,-74.004653000000005
897,40.722410000000004,-73.993083999999996
898,40.721451999999999,-74.000938000000005
899,40.763492999999997,-73.965260999999998
900,40.774219000000002,-73.954353999999995
901,40.746794000000001,-73.993026999999998
902,40.773501000000003,-73.951847999999998
903,40.759039000000001,-73.982318000000006
904,40.753605,-73.974805000000003
905,40.772243000000003,-73.945646999999994
906,40.742471999999999,-73.980339999999998
907,40.731234999999998,-74.000230000000002
908,40.747456,-73.991225
909,40.779240999999999,-73.944748000000004
910,40.766987,-73.967242999999996
911,40.763655999999997,-73.996170000000006
912,40.745539999999998,-73.913488999999998
913,40.734403999999998,-73.989762999999996
914,40.760762999999997,-73.994361999999995
915,40.826445,-73.955530999999993
916,40.803606000000002,-73.948627999999999
917,40.733863999999997,-73.990977000000001
918,40.710366999999998,-74.016572999999994
919,40.746837999999997,-73.984026
920,40.784291000000003,-73.982974999999996
921,40.752324000000002,-73.979000999999997
922,40.772872999999997,-73.952349999999996
923,40.732531999999999,-74.003343000000001
924,40.707597999999997,-74.016869999999997
925,40.705641,-74.005859000000001
926,40.734636000000002,-73.988220999999996
927,40.759962000000002,-73.965304000000003
928,40.735559000000002,-73.987683000000004
929,0,0
930,0,0
931,40.757013000000001,-73.972083999999995
932,40.702430999999997,-73.985517999999999
933,40.721443999999998,-74.009810000000002
934,40.714210000000001,-74.000094000000004
935,40.752378,-73.973507999999995
936,40.759680000000003,-73.967636999999996
937,40.759512999999998,-73.983637000000002
938,40.748666,-73.993240999999998
939,40.733407,-74.004886999999997
940,40.781179000000002,-73.983509999999995
941,40.748291999999999,-73.988635000000002
942,40.769748,-73.952276999999995
943,40.742919000000001,-73.992285999999993
944,40.733936999999997,-73.995545000000007
945,40.741281000000001,-74.005123999999995
946,40.753022999999999,-73.965902999999997
947,40.741239,-73.987459000000001
948,40.751407999999998,-73.970963999999995
949,40.784858,-73.958088000000004
950,40.775702000000003,-73.964389999999995
951,40.763449999999999,-73.985219000000001
952,40.739933999999998,-73.984183999999999
953,40.752456000000002,-73.974874
954,40.768852000000003,-73.958412999999993
955,40.705984000000001,-74.012787000000003
956,40.724747999999998,-73.982534999999999
957,40.759689999999999,-73.976184000000003
958,40.741852000000002,-73.895877999999996
959,40.742735000000003,-73.980383000000003
960,40.772145999999999,-73.956183999999993
961,40.745930999999999,-74.005529999999993
962,40.731690999999998,-73.993105999999997
963,40.740926999999999,-73.987531000000004
964,40.726272000000002,-73.983418
965,40.723917,-73.950862000000001
966,40.777374999999999,-73.947280000000006
967,40.645567999999997,-73.776790000000005
968,40.789358,-73.970172000000005
969,40.727240999999999,-73.984585999999993
970,40.722231000000001,-73.986412999999999
971,40.755823999999997,-73.973112
972,40.733151999999997,-73.974627999999996
973,40.748874000000001,-73.992137999999997
974,40.765487999999998,-73.987914000000004
975,40.765641000000002,-73.983164000000002
976,40.607298999999998,-73.975577000000001
977,40.726103999999999,-73.989670000000004
978,40.748908999999998,-73.973668000000004
979,40.763421000000001,-73.978516999999997
980,40.783369999999998,-73.950588999999994
981,40.759829000000003,-73.974639999999994
982,40.778872,-73.977909999999994
983,40.752837,-73.989598999999998
984,40.761226999999998,-73.969645999999997
985,40.761251999999999,-73.973209999999995
986,40.775052000000002,-73.980035000000001
987,40.742190000000001,-73.980784999999997
988,40.681604999999998,-73.962311999999997
989,40.760764000000002,-73.998470999999995
990,40.682282999999998,-73.996001000000007
991,40.755498000000003,-73.974817000000002
992,40.744926999999997,-73.991484999999997
993,40.719557999999999,-74.007000000000005
994,40.74738,-74.001401000000001
995,40.715940000000003,-73.961905999999999
996,40.718510999999999,-73.940616000000006
997,40.731188000000003,-73.982637999999994
998,40.789233000000003,-73.941199999999995
999,40.770851999999998,-73.865350000000007
1000,40.707182000000003,-74.007107000000005
1001,40.766005999999997,-73.963440000000006
1002,40.761581999999997,-73.960826999999995
1003,40.757100000000001,-73.969504999999998
1004,40.772747000000003,-73.956171999999995
1005,40.781596,-73.953407999999996
1006,40.761744999999998,-73.966102000000006
1007,40.767482000000001,-73.984527
1008,40.727359999999997,-73.991726999999997
1009,40.788290000000003,-73.954402999999999
1010,40.792251999999998,-73.971822000000003
1011,40.73554,-73.994062
1012,40.690986000000002,-73.996114000000006
1013,40.755392999999998,-73.971177999999995
1014,40.770667000000003,-73.948082999999997
1015,40.729591999999997,-73.990014000000002
1016,40.715001000000001,-74.011936000000006
1017,40.726841999999998,-74.005684000000002
1018,40.727800999999999,-73.983472000000006
1019,40.752091999999998,-73.993226000000007
1020,40.756405000000001,-73.997411
1021,40.746310999999999,-73.985771999999997
1022,40.763677999999999,-73.992571999999996
1023,40.753489999999999,-73.977562000000006
1024,40.725754000000002,-73.977787000000006
1025,40.741568000000001,-74.000504000000006
1026,40.738014999999997,-73.990820999999997
1027,40.742407999999998,-74.004577999999995
1028,40.737898999999999,-73.982466000000002
1029,40.727364999999999,-74.000846999999993
1030,40.770401,-73.958206000000004
1031,40.763883,-73.954147000000006
1032,40.781356000000002,-73.959857999999997
1033,40.724966999999999,-73.992276000000004
1034,40.748527000000003,-73.982471000000004
1035,40.765608999999998,-73.954714999999993
1036,40.756932999999997,-73.967811999999995
1037,40.767310999999999,-73.980260999999999
1038,40.727581000000001,-73.988412999999994
1039,40.711008999999997,-74.015673000000007
1040,40.750464000000001,-73.994819000000007
1041,40.748423000000003,-74.005205000000004
1042,40.762498000000001,-73.976552999999996
1043,40.764543000000003,-73.964623000000003
1044,40.855080000000001,-73.936886999999999
1045,40.726554,-73.991617000000005
1046,40.741833,-74.004867000000004
1047,40.770060999999998,-73.987872999999993
1048,40.780468999999997,-73.980216999999996
1049,40.722428000000001,-73.99315
1050,40.690483,-73.996512999999993
1051,40.746681000000002,-74.004959999999997
1052,40.742424999999997,-74.004403999999994
1053,40.766731999999998,-73.977824999999996
1054,40.767612999999997,-73.956050000000005
1055,40.743448000000001,-74.007339000000002
1056,40.756810999999999,-73.982173000000003
1057,40.752685,-73.996943999999999
1058,40.742406000000003,-74.004209000000003
1059,40.693297000000001,-73.988844
1060,40.739148999999998,-73.981883999999994
1061,40.730601999999998,-74.006696000000005
1062,40.722194999999999,-73.996652999999995
1063,40.760742,-73.966515000000001
1064,40.771611999999998,-73.956665000000001
1065,40.730421999999997,-74.000063999999995
1066,40.742598000000001,-73.907325
1067,40.710315999999999,-73.960340000000002
1068,40.714759999999998,-73.998169000000004
1069,40.741861999999998,-73.989367000000001
1070,40.760469999999998,-73.970049000000003
1071,40.771923999999999,-73.959112000000005
1072,40.792405000000002,-73.975027999999995
1073,40.755212,-73.968127999999993
1074,40.746808000000001,-73.973133000000004
1075,40.752417999999999,-73.990201999999996
1076,40.810302999999998,-73.947604999999996
1077,40.741750000000003,-73.993590999999995
1078,40.740225000000002,-73.982112999999998
1079,40.763514999999998,-73.969489999999993
1080,40.771813999999999,-73.961716999999993
1081,40.762487,-73.968957000000003
1082,40.758180000000003,-73.952955000000003
1083,40.77129,-73.982529999999997
1084,40.775464999999997,-73.962053999999995
1085,40.690179999999998,-73.994743999999997
1086,40.669795000000001,-73.987600999999998
1087,40.762886999999999,-73.967926000000006
1088,40.775385999999997,-73.983813999999995
1089,40.758386999999999,-73.984983999999997
1090,40.650995999999999,-73.973067
1091,40.768146000000002,-73.992133999999993
1092,40.731388000000003,-74.002274999999997
1093,40.733165999999997,-74.003307000000007
1094,40.746929000000002,-73.979754
1095,40.771099,-73.961933999999999
1096,40.730460000000001,-74.008911999999995
1097,40.768782000000002,-73.955138000000005
1098,40.706201999999998,-74.016587999999999
1099,40.724851000000001,-73.994939000000002
1100,40.752256000000003,-73.976904000000005
1101,40.746403999999998,-73.989213000000007
1102,40.767724000000001,-73.962098999999995
1103,40.769638,-73.983833000000004
1104,40.761383000000002,-73.975138999999999
1105,40.758484000000003,-73.971508999999998
1106,40.814151000000003,-73.958894999999998
1107,40.749535999999999,-73.974294
1108,40.755333999999998,-73.977261999999996
1109,40.742004000000001,-74.004767000000001
1110,40.722512999999999,-73.997
1111,40.743192999999998,-73.995739999999998
1112,40.744630000000001,-73.985371000000001
1113,40.747826000000003,-73.989236000000005
1114,40.738973999999999,-73.983703000000006
1115,40.787666000000002,-73.954617999999996
1116,40.720170000000003,-73.987407000000005
1117,40.734065000000001,-73.989254000000003
1118,40.745229000000002,-74.005712000000003
1119,40.749136,-73.980143999999996
1120,40.747577999999997,-73.988192999999995
1121,40.742727000000002,-73.984764999999996
1122,40.736640999999999,-73.988619999999997
1123,40.742629999999998,-73.992169000000004
1124,40.748632000000001,-74.005735999999999
1125,40.720630999999997,-74.005190999999996
1126,40.745640999999999,-73.978057000000007
1127,40.762971999999998,-73.967292
1128,40.786191000000002,-73.977356999999998
1129,40.722082999999998,-74.005306000000004
1130,40.772928999999998,-73.964556000000002
1131,40.730201999999998,-73.983849000000006
1132,40.753796999999999,-73.970791000000006
1133,40.760914999999997,-73.975160000000002
1134,40.775073999999996,-73.958931000000007
1135,40.773949999999999,-73.874528999999995
1136,40.694598999999997,-73.963251999999997
1137,40.756416000000002,-73.984926999999999
1138,40.674841999999998,-73.974331000000006
1139,40.757952000000003,-73.984737999999993
1140,40.776384999999998,-73.952534
1141,40.741314000000003,-73.994579000000002
1142,40.731020000000001,-73.991315
1143,40.764819000000003,-73.965951000000004
1144,40.768583,-73.955394999999996
1145,40.648618999999997,-73.783365000000003
1146,40.745489999999997,-73.987298999999993
1147,40.762132000000001,-73.967927000000003
1148,40.693432000000001,-73.992878000000005
1149,40.731996000000002,-73.996080000000006
1150,40.788443000000001,-73.976742000000002
1151,40.752938,-73.980091000000002
1152,40.762031999999998,-73.993650000000002
1153,40.732253,-73.984534999999994
1154,40.769758000000003,-73.980740999999995
1155,40.714125000000003,-74.008359999999996
1156,40.740082999999998,-73.991243999999995
1157,40.752854999999997,-73.978875000000002
1158,40.715223999999999,-73.991607999999999
1159,40.757151,-73.970961000000003
1160,40.749558,-73.992379
1161,40.753729,-74.003450999999998
1162,40.753729,-74.003450999999998
1163,40.735886000000001,-73.986044000000007
1164,40.730122999999999,-73.983422000000004
1165,40.748818,-73.973429999999993
1166,40.751703999999997,-73.982427000000001
1167,40.767305999999998,-73.968603999999999
1168,40.720888000000002,-74.002853999999999
1169,40.714787000000001,-74.005627000000004
1170,40.756895,-73.964084999999997
1171,40.730255,-74.006693999999996
1172,40.774737999999999,-73.982391000000007
1173,40.757466000000001,-73.990685999999997
1174,40.741340999999998,-74.033557999999999
1175,40.747112000000001,-73.985411999999997
1176,40.748908999999998,-73.976072000000002
1177,40.762261000000002,-73.981903000000003
1178,40.748333000000002,-73.973374000000007
1179,40.771248,-73.981959000000003
1180,40.759653,-73.994972000000004
1181,40.775382,-73.984190999999996
1182,40.781115999999997,-73.983452999999997
1183,40.746017000000002,-73.997872999999998
1184,40.736747999999999,-73.972813000000002
1185,40.765400999999997,-73.981240999999997
1186,40.782859000000002,-73.957504
1187,40.719472000000003,-74.001829000000001
1188,40.627474999999997,-74.029385000000005
1189,40.770735999999999,-73.956971999999993
1190,40.749567999999996,-73.987136000000007
1191,40.766213,-73.979684000000006
1192,40.722332999999999,-73.991816
1193,40.752111999999997,-73.975587000000004
1194,40.805517000000002,-73.957711000000003
1195,40.772323999999998,-73.967043000000004
1196,40.755474,-73.967885999999993
1197,40.722230000000003,-73.998976999999996
1198,40.734141999999999,-73.999285
1199,40.744737000000001,-73.980528000000007
1200,40.744731999999999,-73.956700999999995
1201,40.761125,-73.994584000000003
1202,40.748131000000001,-73.978010999999995
1203,40.763604000000001,-73.973634000000004
1204,40.751123,-73.990021999999996
1205,40.746493999999998,-74.005018000000007
1206,40.764449999999997,-73.970186999999996
1207,40.770459000000002,-73.987458000000004
1208,40.781714000000001,-73.982896999999994
1209,40.735697000000002,-73.985416000000001
1210,40.760682000000003,-73.994643999999994
1211,40.778669999999998,-73.953899000000007
1212,40.801155000000001,-73.968763999999993
1213,40.760281999999997,-73.964736000000002
1214,40.732056999999998,-74.007796999999997
1215,40.742800000000003,-73.980652000000006
1216,40.740293999999999,-74.006062999999997
1217,40.737808000000001,-73.988226999999995
1218,40.772271000000003,-73.950305999999998
1219,0,0
1220,0,0
1221,40.743232999999996,-73.986525
1222,40.756312000000001,-73.990061999999995
1223,40.745190000000001,-74.005978999999996
1224,40.725037999999998,-73.995208000000005
1225,40.722479999999997,-73.994129999999998
1226,40.713507999999997,-73.947365000000005
1227,40.721665000000002,-73.993431000000001
1228,40.734558999999997,-74.009984000000003
1229,0,0
1230,0,0
1231,40.751004000000002,-73.990848
1232,40.745255,-73.991401999999994
1233,40.754451000000003,-73.999297999999996
1234,40.746315000000003,-73.995214000000004
1235,40.763979999999997,-73.976737
1236,40.781055000000002,-73.958849999999998
1237,40.801597999999998,-73.968675000000005
1238,40.764687000000002,-73.988217000000006
1239,40.779471999999998,-73.959824999999995
1240,40.830252999999999,-73.920687000000001
1241,40.761789,-73.976287999999997
1242,40.707875999999999,-74.003967000000003
1243,40.747461999999999,-74.004255999999998
1244,40.722422999999999,-73.999161000000001
1245,40.779228000000003,-73.988427000000001
1246,40.846699999999998,-73.903767000000002
1247,40.753866000000002,-73.978009999999998
1248,40.734166999999999,-73.986690999999993
1249,40.727542,-73.979335000000006
1250,40.746746000000002,-74.007529000000005
1251,40.741045999999997,-73.984992000000005
1252,40.789088999999997,-73.948629999999994
1253,40.770007999999997,-73.980430999999996
1254,40.785789000000001,-73.950874999999996
1255,40.759087999999998,-73.970191999999997
1256,40.764243,-73.985189000000005
1257,40.730877,-74.001406000000003
1258,40.749479000000001,-73.992438000000007
1259,40.733153999999999,-73.988308000000004
1260,40.716844999999999,-73.954554999999999
1261,40.737301000000002,-73.996483999999995
1262,40.711311000000002,-73.961408000000006
1263,40.722465,-73.983109999999996
1264,40.722442999999998,-73.993065999999999
1265,40.773187,-73.964241999999999
1266,40.719811999999997,-73.994373999999993
1267,40.740037000000001,-73.995054999999994
1268,40.828341999999999,-73.946972000000002
1269,40.749406,-73.977283999999997
1270,40.760672,-74.002778000000006
1271,40.810737000000003,-73.958215999999993
1272,40.758952000000001,-73.970479999999995
1273,40.753231999999997,-73.977681000000004
1274,40.757555000000004,-73.988832000000002
1275,40.723416,-73.988487000000006
1276,40.729373000000002,-73.981106999999994
1277,40.760441999999998,-73.969832999999994
1278,40.879629000000001,-73.915976000000001
1279,40.743344999999998,-73.988476000000006
1280,40.732228999999997,-73.996298999999993
1281,40.756343000000001,-73.985747000000003
1282,40.786375,-73.973872999999998
1283,40.733096000000003,-74.006658000000002
1284,40.751874999999998,-74.004542999999998
1285,40.754914999999997,-73.979657000000003
1286,40.735329999999998,-73.994157000000001
1287,40.759808999999997,-73.974080999999998
1288,40.805987000000002,-73.952966000000004
1289,40.734278000000003,-73.999204000000006
1290,40.749142999999997,-73.992700999999997
1291,40.737468999999997,-73.981296
1292,40.749107000000002,-73.989925999999997
1293,40.759909,-73.977418999999998
1294,40.778852999999998,-73.962147999999999
1295,40.649636999999998,-73.931200000000004
1296,40.669604999999997,-73.926576999999995
1297,40.739293000000004,-74.003433000000001
1298,40.716127,-74.009112999999999
1299,40.761857999999997,-73.963417000000007
1300,40.782592000000001,-73.952752000000004
1301,40.718781,-73.989204999999998
1302,40.716983999999997,-73.957807000000003
1303,40.720629000000002,-74.009935999999996
1304,40.733863999999997,-74.005941000000007
1305,40.740411999999999,-73.996121000000002
1306,40.691848,-73.926310999999998
1307,40.762304,-73.981910999999997
1308,40.747588999999998,-74.003863999999993
1309,40.764068999999999,-73.976962999999998
1310,40.777222000000002,-73.946071000000003
1311,40.756039000000001,-73.982095000000001
1312,40.788710999999999,-73.969350000000006
1313,40.789774999999999,-73.975387999999995
1314,40.780971000000001,-73.981454999999997
1315,40.763573000000001,-73.967456999999996
1316,40.773615999999997,-73.963795000000005
1317,40.744703000000001,-73.987374000000003
1318,40.734724,-74.002153000000007
1319,40.731627000000003,-74.000978000000003
1320,40.745227,-73.994377999999998
1321,40.735042,-73.982955000000004
1322,40.760392000000003,-73.980576999999997
1323,40.767482999999999,-73.953888000000006
1324,40.794876000000002,-73.971890000000002
1325,40.754702000000002,-73.968219000000005
1326,40.768721999999997,-73.960358999999997
1327,40.724600000000002,-73.978448
1328,40.747044000000002,-73.997140000000002
1329,40.741771999999997,-73.993612999999996
1330,40.757344000000003,-73.992575000000002
1331,40.760204999999999,-73.975054
1332,40.792520000000003,-73.975127000000001
1333,40.765815000000003,-73.976695000000007
1334,40.755710999999998,-73.963262999999998
1335,40.761299999999999,-73.974333000000001
1336,40.766150000000003,-73.986980000000003
1337,40.739094999999999,-73.989720000000005
1338,40.756408999999998,-73.972701000000001
1339,40.758544000000001,-73.984661000000003
1340,40.778534000000001,-73.954052000000004
1341,40.757742,-73.983136999999999
1342,40.731703000000003,-73.993255000000005
1343,40.747326000000001,-73.993567999999996
1344,40.742910999999999,-74.003887000000006
1345,40.764018,-73.992344000000003
1346,40.795819999999999,-73.966446000000005
1347,40.747588,-73.980611999999994
1348,40.772258000000001,-73.979022000000001
1349,40.741973999999999,-73.996816999999993
1350,40.722422000000002,-74.002646999999996
1351,40.706468000000001,-74.006874999999994
1352,40.767201,-73.990093999999999
1353,40.766581000000002,-73.962459999999993
1354,40.768025000000002,-73.963672000000003
1355,40.743972999999997,-74.003317999999993
1356,40.761747,-73.990385000000003
1357,40.750751000000001,-73.986448999999993
1358,40.779181000000001,-73.955078
1359,40.772694999999999,-73.962886999999995
1360,40.763089999999998,-73.967707000000004
1361,0,0
1362,0,0
1363,40.717398000000003,-73.991020000000006
1364,40.682028000000003,-73.979892000000007
1365,40.756050000000002,-73.975179999999995
1366,40.746068000000001,-73.956125
1367,40.752025000000003,-73.973631999999995
1368,40.745182999999997,-73.978870000000001
1369,40.724505000000001,-73.987627000000003
1370,40.723393000000002,-73.995819999999995
1371,40.742899000000001,-73.982821000000001
1372,40.764820999999998,-73.977028000000004
1373,40.752460999999997,-73.990044999999995
1374,40.765793000000002,-73.963598000000005
1375,0,0
1376,0,0
1377,40.767547,-73.982680999999999
1378,40.721787999999997,-73.997771999999998
1379,40.772705000000002,-73.958437000000004
1380,40.766598000000002,-73.967303999999999
1381,40.757987999999997,-73.975419000000002
1382,40.698109000000002,-73.992807999999997
1383,40.783921999999997,-73.974234999999993
1384,40.691935999999998,-73.966713999999996
1385,40.727373,-73.995327000000003
1386,40.696385999999997,-73.992590000000007
1387,40.748551999999997,-73.96593
1388,40.748551999999997,-73.96593
1389,40.728467999999999,-74.005335000000002
1390,40.722068,-73.996187000000006
1391,40.644582,-73.782049999999998
1392,40.722543000000002,-73.849162000000007
1393,40.739840000000001,-73.990998000000005
1394,40.746450000000003,-74.003361999999996
1395,40.722043999999997,-73.996163999999993
1396,40.715079000000003,-74.005459000000002
1397,40.725088,-74.007797999999994
1398,40.742756,-74.000373999999994
1399,40.749361999999998,-73.975357000000002
1400,40.759287999999998,-73.961044000000001
1401,40.773854999999998,-73.870818999999997
1402,40.769458,-73.985686000000001
1403,40.750276999999997,-73.985491999999994
1404,40.721614000000002,-73.892425000000003
1405,40.740648999999998,-73.981825000000001
1406,40.777790000000003,-73.947546000000003
1407,40.714520999999998,-74.008371999999994
1408,40.714154000000001,-73.992495000000005
1409,40.755274999999997,-73.970596
1410,40.738965,-74.000248999999997
1411,40.767896999999998,-73.967940999999996
1412,40.780506000000003,-73.947564
1413,40.760224999999998,-73.973737999999997
1414,40.793968,-73.964264999999997
1415,40.728838000000003,-74.000409000000005
1416,40.737082999999998,-74.005382999999995
1417,40.714469000000001,-73.961219999999997
1418,40.688709000000003,-73.951346000000001
1419,40.719808999999998,-73.994359000000003
1420,40.679321999999999,-73.972357000000002
1421,40.714371999999997,-74.015050000000002
1422,40.708995999999999,-74.016750000000002
1423,40.770651999999998,-73.962654000000001
1424,40.759444999999999,-73.959306999999995
1425,40.742077999999999,-73.97475
1426,40.648032999999998,-73.967652000000001
1427,40.730716000000001,-73.983006000000003
1428,40.75414,-73.972329999999999
1429,40.704092000000003,-74.013194999999996
1430,40.794929000000003,-73.962485000000001
1431,40.737324000000001,-73.996646999999996
1432,40.780067000000003,-73.947293000000002
1433,40.730367999999999,-73.986315000000005
1434,40.739624999999997,-74.002131000000006
1435,40.732813,-73.985977000000005
1436,40.724972999999999,-73.994681999999997
1437,40.737949999999998,-74.034685999999994
1438,40.737988999999999,-74.034630000000007
1439,40.644947999999999,-73.787873000000005
1440,40.728659999999998,-73.987442999999999
1441,40.711807,-74.007893999999993
1442,40.721380000000003,-73.997625999999997
1443,0,0
1444,0,0
1445,40.703761,-74.009355999999997
1446,40.737569000000001,-74.009400999999997
1447,40.753467000000001,-73.978440000000006
1448,40.733252999999998,-73.99682
1449,40.742240000000002,-74.004209000000003
1450,40.769886999999997,-73.951595999999995
1451,40.775658,-73.964488000000003
1452,40.719414999999998,-73.990718000000001
1453,40.754936999999998,-73.987202999999994
1454,40.744467,-73.975939999999994
1455,40.759231999999997,-73.990297999999996
1456,40.726742000000002,-73.9833
1457,40.744441999999999,-73.985225
1458,40.752763000000002,-73.979031000000006
1459,40.732793000000001,-74.003221999999994
1460,40.745865999999999,-73.955962
1461,40.676879,-73.983366000000004
1462,40.678775999999999,-73.997671999999994
1463,40.746808000000001,-73.984143000000003
1464,40.758012999999998,-73.967681999999996
1465,0,0
1466,0,0
1467,40.758602000000003,-73.968442999999994
1468,40.800817000000002,-73.958001999999993
1469,40.762121,-73.977783000000002
1470,40.767603999999999,-73.984656000000001
1471,40.760776,-73.961732999999995
1472,40.788409000000001,-73.946844999999996
1473,40.719662,-73.992135000000005
1474,40.714143999999997,-73.948558000000006
1475,40.787610999999998,-73.948852000000002
1476,40.787610999999998,-73.948852000000002
1477,40.726551999999998,-74.001254000000003
1478,40.729643000000003,-73.987033999999994
1479,40.757482000000003,-73.968967000000006
1480,40.729384000000003,-74.003776999999999
1481,40.754314999999998,-73.999161999999998
1482,40.746402000000003,-73.952883
1483,40.714210000000001,-74.015158999999997
1484,40.670881000000001,-73.954931999999999
1485,40.732379000000002,-73.987864000000002
1486,40.720700999999998,-73.962200999999993
1487,40.763688000000002,-73.975956999999994
1488,40.760261999999997,-73.961451999999994
1489,0,0
1490,0,0
1491,40.783915999999998,-73.979882000000003
1492,40.779617000000002,-73.951503000000002
1493,40.778953999999999,-73.981178
1494,40.762934000000001,-73.989380999999995
1495,40.761890000000001,-73.986377000000005
1496,40.783245000000001,-73.978295000000003
1497,40.795521999999998,-73.963702999999995
1498,40.825915000000002,-73.939324999999997
1499,40.765799999999999,-73.980292000000006
1500,40.763883999999997,-73.962546000000003
1501,40.740856999999998,-73.997756999999993
1502,40.739004000000001,-73.983796999999996
1503,40.773887000000002,-73.984228000000002
1504,40.805222000000001,-73.954821999999993
1505,40.712558999999999,-74.004793000000006
1506,40.702140999999997,-74.014038999999997
1507,0,0
1508,40.786138999999999,-73.977386999999993
1509,40.739770999999998,-74.006125999999995
1510,40.752600000000001,-73.992553000000001
1511,40.759335,-73.988247000000001
1512,40.774898999999998,-73.988319000000004
1513,40.769216,-73.863201000000004
1514,40.749577000000002,-73.940433999999996
1515,40.75047,-73.994701000000006
1516,40.775727000000003,-73.946299999999994
1517,40.773868999999998,-73.964130999999995
1518,40.773634999999999,-73.949560000000005
1519,40.751078,-73.994234000000006
1520,40.734304999999999,-73.989812000000001
1521,40.704639999999998,-74.007621999999998
1522,40.762568000000002,-73.972436000000002
1523,40.761204999999997,-73.971408999999994
1524,40.785369000000003,-73.953629000000006
1525,40.757143999999997,-73.984954000000002
1526,40.742747999999999,-73.996757000000002
1527,40.733178000000002,-74.000023999999996
1528,40.738278000000001,-73.994975999999994
1529,40.738021000000003,-73.992379
1530,40.748027999999998,-74.004769999999994
1531,40.753149999999998,-73.973883999999998
1532,40.722363000000001,-73.943957999999995
1533,40.741498,-73.992795999999998
1534,40.684834000000002,-73.973119999999994
1535,40.725977999999998,-74.008497000000006
1536,40.753411,-73.980237000000002
1537,40.756827999999999,-73.967206000000004
1538,40.747374999999998,-73.976203999999996
1539,40.751531,-73.977922000000007
1540,40.763272999999998,-73.978038999999995
1541,40.752581999999997,-73.985742000000002
1542,40.692056999999998,-73.965585000000004
1543,40.760725000000001,-73.971242000000004
1544,40.725090999999999,-73.992202000000006
1545,40.808684,-73.962823
1546,40.808171999999999,-73.952802000000005
1547,40.756131000000003,-73.986953999999997
1548,40.719850999999998,-73.987686999999994
1549,40.763814000000004,-73.967377999999997
1550,40.776947,-73.959832000000006
1551,40.733472999999996,-74.006388000000001
1552,40.742587,-73.978356000000005
1553,40.764977000000002,-73.968417000000002
1554,40.724468000000002,-74.009427000000002
1555,40.725541,-73.994868999999994
1556,40.741681,-73.994567000000004
1557,40.759630999999999,-73.976096999999996
1558,40.773398999999998,-73.952610000000007
1559,40.718015999999999,-73.986035999999999
1560,40.702438999999998,-73.887917000000002
1561,40.741895999999997,-73.982797000000005
1562,40.725397000000001,-73.984111999999996
1563,40.750427999999999,-73.991521000000006
1564,40.770539999999997,-73.991765999999998
1565,40.736857000000001,-73.997496999999996
1566,40.782556999999997,-73.947068999999999
1567,40.757992000000002,-73.977631000000002
1568,40.736688999999998,-73.980245999999994
1569,40.761221999999997,-73.973179999999999
1570,40.761074999999998,-73.998931999999996
1571,40.767612999999997,-73.967213000000001
1572,40.769247999999997,-73.984769
1573,40.730061999999997,-74.001980000000003
1574,40.736853000000004,-73.991619
1575,40.714829999999999,-74.016233
1576,40.779656000000003,-73.949871999999999
1577,40.730342999999998,-74.002627000000004
1578,40.749519999999997,-74.004801999999998
1579,40.786290000000001,-73.979776999999999
1580,40.778404999999999,-73.977216999999996
1581,40.774116999999997,-73.874538999999999
1582,40.756628999999997,-73.984275999999994
1583,40.727803000000002,-73.984913000000006
1584,40.725726000000002,-73.980810000000005
1585,40.761488999999997,-73.988894000000002
1586,40.786358999999997,-73.978408999999999
1587,40.752456000000002,-73.978744000000006
1588,40.762906000000001,-73.967922999999999
1589,40.743389000000001,-73.922326999999996
1590,40.734211999999999,-73.871840000000006
1591,40.730820000000001,-74.006200000000007
1592,40.748353999999999,-73.976355999999996
1593,40.783115000000002,-73.974689999999995
1594,40.770938999999998,-73.983693000000002
1595,40.750715999999997,-73.992301999999995
1596,40.752701000000002,-73.979066000000003
1597,40.741402999999998,-73.985506999999998
1598,40.721018000000001,-74.008371999999994
1599,40.762844999999999,-73.981340000000003
1600,40.714964999999999,-74.009692999999999
1601,40.754398000000002,-73.965698000000003
1602,40.747937999999998,-74.000640000000004
1603,40.753793000000002,-73.966171000000003
1604,40.773401999999997,-73.951817000000005
1605,40.756141,-73.983627999999996
1606,40.815742,-73.960114000000004
1607,40.755853000000002,-73.970737
1608,40.745032999999999,-73.972375
1609,40.733457999999999,-73.987076000000002
1610,40.745904000000003,-73.978055999999995
1611,40.758017000000002,-73.971451999999999
1612,40.761015,-73.998802999999995
1613,40.753870999999997,-73.993471
1614,40.811041000000003,-73.959266
1615,40.709848999999998,-74.009574000000001
1616,40.749589999999998,-73.885738000000003
1617,40.761356999999997,-73.983745999999996
1618,40.758274,-73.966149999999999
1619,40.711094000000003,-73.950051000000002
1620,40.674152999999997,-73.982622000000006
1621,40.756163999999998,-73.990414999999999
1622,40.789614,-73.971513000000002
1623,40.739579999999997,-74.006484999999998
1624,40.667074999999997,-73.981523999999993
1625,40.734980999999998,-74.007076999999995
1626,40.804699999999997,-73.955201000000002
1627,40.755698000000002,-73.919584999999998
1628,40.743724,-73.921598000000003
1629,40.758668,-73.967444999999998
1630,40.773027999999996,-73.952012999999994
1631,40.725952999999997,-73.986649
1632,40.711148000000001,-73.967491999999993
1633,40.774135999999999,-73.873050000000006
1634,40.793807000000001,-73.974393000000006
1635,40.756532999999997,-73.967456999999996
1636,40.771610000000003,-73.957353999999995
1637,40.772936999999999,-73.981847000000002
1638,40.761175999999999,-73.950630000000004
1639,40.755298000000003,-73.973555000000005
1640,40.775255999999999,-73.945599000000001
1641,40.798589,-73.969216000000003
1642,40.766066000000002,-73.914976999999993
1643,40.726742000000002,-73.986099999999993
1644,40.799263000000003,-73.970894999999999
1645,40.770088000000001,-73.864508000000001
1646,40.759678999999998,-73.957925000000003
1647,40.762495000000001,-73.988601000000003
1648,40.745939,-74.001839000000004
1649,40.760604999999998,-73.986011000000005
1650,40.816206000000001,-73.938018999999997
1651,40.801546000000002,-73.968472000000006
1652,40.812995999999998,-73.94538
1653,40.775588999999997,-73.982473999999996
1654,40.732700000000001,-73.979814000000005
1655,40.749124000000002,-73.992147000000003
1656,40.722147999999997,-74.010712999999996
1657,40.765501999999998,-73.970281999999997
1658,40.860928999999999,-73.927644999999998
1659,40.732111000000003,-73.990178999999998
1660,40.740023999999998,-73.998228999999995
1661,40.757451000000003,-73.988874999999993
1662,40.776659000000002,-73.985240000000005
1663,40.759703000000002,-73.975967999999995
1664,40.795777999999999,-73.974242000000004
1665,40.748824999999997,-73.992272999999997
1666,40.726351000000001,-73.999249000000006
1667,40.748520999999997,-73.989116999999993
1668,40.766345999999999,-73.952437000000003
1669,40.770643,-73.864456000000004
1670,40.750345000000003,-73.979427000000001
1671,40.775641999999998,-73.981756000000004
1672,40.803268000000003,-73.956198000000001
1673,40.784964000000002,-73.979018999999994
1674,40.799650999999997,-73.970026000000004
1675,40.761147000000001,-73.967708000000002
1676,40.784533000000003,-73.971964
1677,40.767898000000002,-73.985900000000001
1678,40.757122000000003,-73.978769
1679,40.751299000000003,-74.007008999999996
1680,40.744835999999999,-73.972733000000005
1681,40.702173000000002,-74.012917000000002
1682,40.716593000000003,-74.016540000000006
1683,40.774867,-73.948741999999996
1684,40.786866000000003,-73.952460000000002
1685,40.726812000000002,-73.999386000000001
1686,40.733611000000003,-74.002373000000006
1687,40.741610999999999,-73.993675999999994
1688,40.736913000000001,-74.005555000000001
1689,40.749231999999999,-73.977823000000001
1690,40.742952000000002,-73.979552999999996
1691,40.790793999999998,-73.953575000000001
1692,40.760469000000001,-73.976166000000006
1693,40.738669000000002,-73.977158000000003
1694,40.725735,-73.996815999999995
1695,40.774025000000002,-73.984648000000007
1696,40.773643,-73.949815999999998
1697,40.760395000000003,-73.984447000000003
1698,40.750326999999999,-73.986777000000004
1699,40.754921000000003,-73.981979999999993
1700,40.77807,-73.960815999999994
1701,40.748961999999999,-73.982129999999998
1702,40.740495000000003,-73.981228999999999
1703,40.785347999999999,-73.957841999999999
1704,40.735747000000003,-74.006521000000006
1705,40.747622999999997,-74.004007000000001
1706,40.732678,-73.987859999999998
1707,40.762287000000001,-73.968154999999996
1708,40.781222999999997,-73.979888000000003
1709,40.756121,-73.978842
1710,40.750247000000002,-73.991676999999996
1711,40.739932000000003,-74.002374000000003
1712,40.747382999999999,-73.997027000000003
1713,40.782608000000003,-73.957616999999999
1714,40.774459999999998,-73.963826999999995
1715,40.784233,-73.973811999999995
1716,40.750335,-73.991521000000006
1717,40.769463999999999,-73.862950999999995
1718,40.704124,-74.012561000000005
1719,40.765760999999998,-73.961196000000001
1720,40.773350000000001,-73.981219999999993
1721,40.690910000000002,-73.994028
1722,40.645437999999999,-73.776302999999999
1723,40.782632999999997,-73.955211000000006
1724,40.769672,-73.966539999999995
1725,40.744821999999999,-73.983185000000006
1726,40.760024000000001,-73.972780999999998
1727,40.734960000000001,-73.994416999999999
1728,40.730407,-73.984523999999993
1729,40.747692999999998,-73.977203000000003
1730,40.780335000000001,-73.947432000000006
1731,40.741320000000002,-73.985833
1732,40.748730000000002,-73.991187999999994
1733,40.740608000000002,-73.998188999999996
1734,40.710236000000002,-73.963110999999998
1735,40.751936000000001,-73.970815999999999
1736,40.747791999999997,-73.989014999999995
1737,40.721029000000001,-74.003961000000004
1738,40.752398999999997,-73.978423000000006
1739,40.743608999999999,-73.982820000000004
1740,40.733136000000002,-73.979564999999994
1741,40.757148000000001,-73.973966000000004
1742,40.719194999999999,-74
1743,40.740264000000003,-74.005881000000002
1744,40.715800999999999,-73.962055000000007
1745,40.748649999999998,-73.991912999999997
1746,40.725242999999999,-73.987256000000002
1747,40.774228000000001,-73.962935000000002
1748,40.758203000000002,-73.977199999999996
1749,40.774292000000003,-73.957362000000003
1750,40.783147999999997,-73.950843000000006
1751,40.761068000000002,-73.962754000000004
1752,40.730907000000002,-73.990365999999995
1753,40.753323000000002,-73.996067999999994
1754,40.807904999999998,-73.963947000000005
1755,40.774222000000002,-73.963947000000005
1756,40.766064999999998,-73.951481999999999
1757,40.741607999999999,-73.985581999999994
1758,40.752243,-73.991671999999994
1759,40.723958000000003,-73.996343999999993
1760,40.748106999999997,-73.981363999999999
1761,40.772314000000001,-73.982106999999999
1762,40.776645000000002,-73.977189999999993
1763,40.753850999999997,-73.985298999999998
1764,40.742936999999998,-73.987407000000005
1765,40.773760000000003,-73.871033999999995
1766,40.761814000000001,-73.971300999999997
1767,40.742176999999998,-74.000472000000002
1768,40.711055999999999,-74.007070999999996
1769,40.754759,-73.979866000000001
1770,40.748936,-73.991812999999993
1771,40.772337,-73.952432000000002
1772,40.774638000000003,-73.981027999999995
1773,40.751271000000003,-73.940325999999999
1774,40.75497,-73.975559000000004
1775,40.714961000000002,-74.002291
1776,40.738774999999997,-73.987837999999996
1777,40.750520999999999,-73.974919999999997
1778,40.769413999999998,-73.963072999999994
1779,40.622356000000003,-73.975650000000002
1780,40.621327000000001,-73.975436000000002
1781,40.718525999999997,-73.987744000000006
1782,40.702941000000003,-73.990724
1783,40.741014,-73.994101999999998
1784,40.741678999999998,-74.003530999999995
1785,40.735959999999999,-73.989525
1786,40.726475000000001,-73.986509999999996
1787,40.752415999999997,-73.980039000000005
1788,40.761133000000001,-73.974785999999995
1789,40.727460000000001,-74.007279999999994
1790,40.757748999999997,-73.986754000000005
1791,40.736483,-74.001271000000003
1792,40.726731999999998,-73.989143999999996
1793,40.723080000000003,-73.999118999999993
1794,40.738638000000002,-73.987677000000005
1795,40.743856999999998,-73.995382000000006
1796,40.742230999999997,-73.986960999999994
1797,40.740564999999997,-73.998313999999993
1798,40.730569000000003,-74.004536000000002
1799,40.728428999999998,-73.982016999999999
1800,40.735613999999998,-74.005077
1801,40.720001000000003,-73.997129999999999
1802,40.737492000000003,-73.992121999999995
1803,40.793469000000002,-73.972785999999999
1804,40.775807,-73.982285000000005
1805,40.751787,-73.993716000000006
1806,40.798735999999998,-73.961678000000006
1807,40.738342000000003,-73.987804999999994
1808,40.751705000000001,-73.976093000000006
1809,40.746791999999999,-73.993026999999998
1810,40.735216999999999,-73.991882000000004
1811,40.734895000000002,-73.998867000000004
1812,40.744269000000003,-73.992047999999997
1813,40.726073999999997,-73.989596000000006
1814,40.669735000000003,-73.972683000000004
1815,40.715783000000002,-74.007294999999999
1816,40.770913,-73.963707999999997
1817,40.746341999999999,-73.984223
1818,40.755682999999998,-73.982443000000004
1819,40.784303000000001,-73.973883999999998
1820,40.773626,-73.981736999999995
1821,40.765577,-73.963628999999997
1822,40.779536999999998,-73.947723999999994
1823,40.756793000000002,-73.967247
1824,40.705773999999998,-74.009759000000003
1825,40.751410999999997,-73.973860999999999
1826,40.766897999999998,-73.954166999999998
1827,40.753424000000003,-73.992420999999993
1828,40.772883999999998,-73.982408000000007
1829,40.767408000000003,-73.956675000000004
1830,0,0
1831,40.745922999999998,-73.979840999999993
1832,40.733826000000001,-73.983791999999994
1833,40.711449999999999,-74.007940000000005
1834,40.736666,-73.984043
1835,40.807994999999998,-73.945233999999999
1836,40.811810000000001,-73.938269000000005
1837,40.770136000000001,-73.950564
1838,40.770138000000003,-73.950540000000004
1839,40.725453000000002,-73.997315
1840,40.723604000000002,-73.983470999999994
1841,40.724846999999997,-73.995474000000002
1842,40.747239,-73.976894999999999
1843,40.780544999999996,-73.959137999999996
1844,40.762974,-73.960543000000001
1845,40.789937000000002,-73.975348999999994
1846,40.804599000000003,-73.966223999999997
1847,40.762293,-73.968097
1848,40.769132999999997,-73.954965999999999
1849,40.706949000000002,-74.005284000000003
1850,40.741154000000002,-73.981710000000007
1851,40.759098000000002,-73.977887999999993
1852,40.736879000000002,-73.988698999999997
1853,40.746515000000002,-73.980354000000005
1854,40.747326999999999,-73.972227000000004
1855,40.739941000000002,-74.005290000000002
1856,40.721415,-73.995690999999994
1857,40.717666999999999,-73.999217000000002
1858,40.749094999999997,-73.980079000000003
1859,40.746882999999997,-73.983947999999998
1860,40.754041999999998,-73.977919999999997
1861,40.726292999999998,-73.989514
1862,40.675480999999998,-73.982196999999999
1863,40.757201999999999,-73.981821999999994
1864,40.744312000000001,-73.988774000000006
1865,40.749437,-73.976738999999995
1866,40.721111999999998,-73.987896000000006
1867,40.732546999999997,-73.987654000000006
1868,40.758802000000003,-73.991772999999995
1869,40.735193000000002,-73.989711
1870,40.719259999999998,-73.961545999999998
1871,40.773704000000002,-73.983624000000006
1872,40.771653000000001,-73.956665000000001
1873,40.760854000000002,-73.990578999999997
1874,40.71707,-74.002683000000005
1875,40.783281000000002,-73.978555999999998
1876,40.758811000000001,-73.963972999999996
1877,40.767431000000002,-73.959450000000004
1878,40.764260999999998,-73.961354999999998
1879,40.706859999999999,-74.007358999999994
1880,40.721622000000004,-73.996010999999996
1881,40.644674999999999,-73.782177000000004
1882,40.718563000000003,-73.959185000000005
1883,40.7425,-73.980431999999993
1884,40.768619999999999,-73.987427999999994
1885,40.746552000000001,-74.004948999999996
1886,40.736758000000002,-73.990702999999996
1887,40.753103000000003,-73.969713999999996
1888,40.732359000000002,-73.987151999999995
1889,40.773245000000003,-73.966579999999993
1890,40.754722000000001,-73.979932000000005
1891,40.750858000000001,-73.994476000000006
1892,40.790495999999997,-73.975432999999995
1893,40.749679999999998,-73.975407000000004
1894,40.728512000000002,-73.981797999999998
1895,40.75582,-73.983732000000003
1896,40.787142000000003,-73.971768999999995
1897,40.747055000000003,-73.985586999999995
1898,40.740876999999998,-74.007165000000001
1899,40.740386999999998,-73.994647000000001
1900,40.69388,-73.993832999999995
1901,40.714553000000002,-74.015000999999998
1902,40.752138000000002,-73.985445999999996
1903,40.705317999999998,-74.008444999999995
1904,40.738970999999999,-73.987264999999994
1905,40.742722000000001,-74.000574999999998
1906,40.786178,-73.972948000000002
1907,40.778333000000003,-73.983368999999996
1908,40.784678999999997,-73.981440000000006
1909,40.764294999999997,-73.970984000000001
1910,40.715299999999999,-74.016012000000003
1911,40.753689000000001,-73.974363999999994
1912,40.747295999999999,-73.980897999999996
1913,40.706046999999998,-74.007423000000003
1914,40.793171999999998,-73.965839000000003
1915,40.757897999999997,-73.973060000000004
1916,40.758277,-73.989345
1917,40.737957999999999,-73.989474000000001
1918,40.771822999999998,-73.957404999999994
1919,40.722172,-73.997100000000003
1920,40.762483000000003,-73.972711000000004
1921,40.716459,-74.012618000000003
1922,40.70346,-74.010283999999999
1923,40.751202999999997,-73.974393000000006
1924,40.851238000000002,-73.939372000000006
1925,40.736547000000002,-73.988851999999994
1926,40.741987999999999,-73.980644999999996
1927,40.742659000000003,-74.004114000000001
1928,40.709879000000001,-74.014773000000005
1929,40.744928999999999,-73.987330999999998
1930,40.756345000000003,-73.990086000000005
1931,40.756345000000003,-73.990797000000001
1932,40.744160000000001,-73.984039999999993
1933,40.747326999999999,-73.980975000000001
1934,40.768915,-73.952538000000004
1935,40.774138999999998,-73.981206999999998
1936,40.774138999999998,-73.981206999999998
1937,40.731169999999999,-73.991871000000003
1938,40.676186000000001,-73.950978000000006
1939,40.750785999999998,-73.982038000000003
1940,40.765061000000003,-73.931237999999993
1941,40.754820000000002,-73.973910000000004
1942,40.744447000000001,-73.981020000000001
1943,40.740735999999998,-73.987341000000001
1944,40.719033000000003,-74.006781000000004
1945,40.740152000000002,-74.004886999999997
1946,40.819364,-73.955447000000007
1947,40.775666999999999,-73.956237999999999
1948,40.748387999999998,-73.972857000000005
1949,40.764507999999999,-73.987322000000006
1950,40.756383,-73.997353000000004
1951,40.743352000000002,-73.980014999999995
1952,40.721178999999999,-73.987200999999999
1953,40.741492000000001,-73.985923999999997
1954,40.733370000000001,-73.987279000000001
1955,40.739764999999998,-73.995243000000002
1956,40.763078,-73.972254000000007
1957,40.745418000000001,-74.00215
1958,40.732556000000002,-73.997050999999999
1959,40.766005,-73.955078
1960,40.795098000000003,-73.932212000000007
1961,40.755254000000001,-73.991015000000004
1962,40.676948000000003,-73.969372000000007
1963,40.744011,-73.983739
1964,40.726840000000003,-73.994675000000001
1965,40.736626999999999,-73.992501000000004
1966,40.745874000000001,-73.994855000000001
1967,40.753006999999997,-73.972980000000007
1968,40.621980000000001,-73.946344999999994
1969,40.645574000000003,-73.780182999999994
1970,40.761308999999997,-73.979896999999994
1971,40.769672,-73.960220000000007
1972,40.767477999999997,-73.954741999999996
1973,40.790354999999998,-73.974960999999993
1974,40.722267000000002,-74.010395000000003
1975,40.751300000000001,-73.978143000000003
1976,40.790795000000003,-73.976257000000004
1977,40.769072999999999,-73.862969000000007
1978,40.751600000000003,-74.003885999999994
1979,40.710324999999997,-74.008819000000003
1980,40.733578000000001,-73.986783000000003
1981,40.759397999999997,-73.969337999999993
1982,40.749912999999999,-73.995149999999995
1983,40.767628000000002,-73.966087000000002
1984,40.768265,-73.963853
1985,40.737707,-73.987352999999999
1986,40.730071000000002,-73.997990999999999
1987,40.761794000000002,-73.982871000000003
1988,40.750394999999997,-73.991270999999998
1989,40.777602999999999,-73.978605999999999
1990,40.765008999999999,-73.978634
1991,40.755647000000003,-73.992733000000001
1992,40.770221999999997,-73.966539999999995
1993,40.779446,-73.944494000000006
1994,40.778117000000002,-73.954267000000002
1995,40.724773999999996,-74.007848999999993
1996,40.772759999999998,-73.945751000000001
1997,40.768754000000001,-73.985327999999996
1998,40.805917000000001,-73.965761999999998
1999,40.724729000000004,-73.995667999999995
2000,40.721252999999997,-73.981593000000004
